receipt_no,trx_date,product_name,qty,subtotal,payment_method
DOM-VAR-202501-0001,"2025-01-01 13:14:00","Salted Egg Pop Chicken",1,35000,DEBIT
DOM-VAR-202501-0002,"2025-01-02 18:04:00","Caramel Latte",1,25000,DEBIT
DOM-VAR-202501-0003,"2025-01-07 14:33:00","Roti Bakar",2,31000,CASH
DOM-VAR-202501-0004,"2025-01-28 19:06:00","Berry Berry Good!",1,29500,DEBIT
DOM-VAR-202501-0004,"2025-01-28 19:06:00","Mr. P! Nuts",1,30000,DEBIT
DOM-VAR-202501-0005,"2025-01-24 17:18:00","Spaghetti Carbonara",1,27500,QRIS
DOM-VAR-202501-0005,"2025-01-24 17:18:00","Bang Nana Yoghurt",2,61500,QRIS
DOM-VAR-202501-0006,"2025-01-02 17:21:00","Roti Bakar",2,31000,DEBIT
DOM-VAR-202501-0006,"2025-01-02 17:21:00","Mayo Karaage Rice",1,31000,DEBIT
DOM-VAR-202501-0007,"2025-01-11 20:39:00","French Fries & Sausage",3,58500,DEBIT
DOM-VAR-202501-0007,"2025-01-11 20:39:00","Lychee Tea",1,19500,DEBIT
DOM-VAR-202501-0008,"2025-01-21 15:45:00","Lemon Tea",1,19500,CASH
DOM-VAR-202501-0008,"2025-01-21 15:45:00","DOMS Wings",3,69000,CASH
DOM-VAR-202501-0009,"2025-01-12 10:09:00",Chocolate,1,21500,CASH
DOM-VAR-202501-0010,"2025-01-27 18:11:00","Candy Cane",1,30000,QRIS
DOM-VAR-202501-0011,"2025-01-27 15:20:00","Ham Spaghetti Brulee",2,59000,QRIS
DOM-VAR-202501-0011,"2025-01-27 15:20:00","Salted Caramel Macchiato",3,85000,QRIS
DOM-VAR-202501-0012,"2025-01-19 12:26:00","Kopi Latte",3,58500,CASH
DOM-VAR-202501-0012,"2025-01-19 12:26:00","Double Shaken Espresso",2,45000,CASH
DOM-VAR-202501-0013,"2025-01-09 12:02:00","Bloody Mary",1,24500,CASH
DOM-VAR-202501-0014,"2025-01-18 16:55:00","Beef Aglio Olio",3,74500,DEBIT
DOM-VAR-202501-0014,"2025-01-18 16:55:00",Saltovino,3,78000,DEBIT
DOM-VAR-202501-0015,"2025-01-26 15:33:00","Double Shaken Espresso",1,22500,QRIS
DOM-VAR-202501-0015,"2025-01-26 15:33:00","Roti Bakar",1,15500,QRIS
DOM-VAR-202501-0016,"2025-01-17 17:09:00","Al Fresco Nachos",2,46000,CASH
DOM-VAR-202501-0016,"2025-01-17 17:09:00","Spaghetti Carbonara",3,81500,CASH
DOM-VAR-202501-0017,"2025-01-15 10:43:00","Bang Nana Yoghurt",3,92000,DEBIT
DOM-VAR-202501-0017,"2025-01-15 10:43:00","French Fries & Sausage",2,39000,DEBIT
DOM-VAR-202501-0018,"2025-01-21 09:27:00","Caramel Latte",1,25000,CASH
DOM-VAR-202501-0018,"2025-01-21 09:27:00","Caramel Latte",3,74500,CASH
DOM-VAR-202501-0019,"2025-01-23 18:19:00","Chick N' Matah Rice",3,81500,CASH
DOM-VAR-202501-0019,"2025-01-23 18:19:00","Pisang Gorengnya DOM",3,60000,CASH
DOM-VAR-202501-0020,"2025-01-10 12:29:00","Violet Kalamansi",1,22000,CASH
DOM-VAR-202501-0020,"2025-01-10 12:29:00","Al Fresco Nachos",2,46000,CASH
DOM-VAR-202501-0021,"2025-01-21 17:26:00","Spaghetti Bolognese",2,49500,CASH
DOM-VAR-202501-0021,"2025-01-21 17:26:00","French Fries & Sausage",1,19500,CASH
DOM-VAR-202501-0022,"2025-01-23 16:44:00","Tropical Punch",2,48500,DEBIT
DOM-VAR-202501-0023,"2025-01-01 14:19:00","Spaghetti Carbonara",3,81500,QRIS
DOM-VAR-202501-0023,"2025-01-01 14:19:00","Espresso On The Rock",2,39000,QRIS
DOM-VAR-202501-0024,"2025-01-12 21:07:00","Strawberry Tea",2,39000,DEBIT
DOM-VAR-202501-0024,"2025-01-12 21:07:00","French Fries & Sausage",3,58500,DEBIT
DOM-VAR-202501-0025,"2025-01-17 12:07:00","Double Shaken Espresso",2,45000,QRIS
DOM-VAR-202501-0026,"2025-01-04 10:05:00","Kampoeng Fried Rice",2,49500,CASH
DOM-VAR-202501-0027,"2025-01-06 09:56:00","Al Fresco Nachos",2,46000,DEBIT
DOM-VAR-202501-0027,"2025-01-06 09:56:00","Chick N' Matah Rice",2,54500,DEBIT
DOM-VAR-202501-0028,"2025-01-08 20:59:00","Mayo Karaage Rice",1,31000,CASH
DOM-VAR-202501-0029,"2025-01-20 21:38:00","Choco Loco",1,25000,DEBIT
DOM-VAR-202501-0029,"2025-01-20 21:38:00",Americano,3,46000,DEBIT
DOM-VAR-202501-0030,"2025-01-20 15:22:00","Spaghetti Bolognese",2,49500,CASH
DOM-VAR-202501-0030,"2025-01-20 15:22:00","Matcha Green Tea",3,88500,CASH
DOM-VAR-202501-0031,"2025-01-10 17:56:00","Berry Berry Good!",1,29500,QRIS
DOM-VAR-202501-0031,"2025-01-10 17:56:00","Bang Nana Yoghurt",2,61500,QRIS
DOM-VAR-202501-0032,"2025-01-19 15:29:00",Muppet,3,88500,DEBIT
DOM-VAR-202501-0033,"2025-01-24 18:50:00","Kopi Latte",2,39000,QRIS
DOM-VAR-202501-0033,"2025-01-24 18:50:00","Sunset Sangria",1,24500,QRIS
DOM-VAR-202501-0034,"2025-01-10 19:37:00","Al Fresco Nachos",1,23000,QRIS
DOM-VAR-202501-0034,"2025-01-10 19:37:00","Beef Aglio Olio",3,74500,QRIS
DOM-VAR-202501-0035,"2025-01-27 17:13:00",Muppet,1,29500,CASH
DOM-VAR-202501-0035,"2025-01-27 17:13:00","Oriental Fried Rice",1,25000,CASH
DOM-VAR-202501-0036,"2025-01-12 12:51:00","French Fries & Sausage",2,39000,QRIS
DOM-VAR-202501-0036,"2025-01-12 12:51:00","Al Fresco Nachos",1,23000,QRIS
DOM-VAR-202501-0037,"2025-01-11 15:30:00",Muppet,3,88500,CASH
DOM-VAR-202501-0038,"2025-01-07 15:19:00","Taro Latte With Egg Pudding",3,74500,DEBIT
DOM-VAR-202501-0039,"2025-01-06 19:12:00","Ham Spaghetti Brulee",2,59000,DEBIT
DOM-VAR-202501-0039,"2025-01-06 19:12:00","Taro Latte With Egg Pudding",1,25000,DEBIT
DOM-VAR-202501-0040,"2025-01-04 20:32:00","DOMS Wings",2,46000,CASH
DOM-VAR-202501-0041,"2025-01-20 16:31:00","DOM's Original",3,58500,QRIS
DOM-VAR-202501-0042,"2025-01-26 18:05:00","Taro Latte With Egg Pudding",1,25000,DEBIT
DOM-VAR-202501-0042,"2025-01-26 18:05:00","Spaghetti Carbonara",3,81500,DEBIT
DOM-VAR-202501-0043,"2025-01-25 17:52:00","Double Shaken Espresso",3,67500,QRIS
DOM-VAR-202501-0043,"2025-01-25 17:52:00","Kampoeng Fried Rice",3,74500,QRIS
DOM-VAR-202501-0044,"2025-01-06 19:54:00","Candy Cane",2,60000,CASH
DOM-VAR-202501-0045,"2025-01-09 18:15:00","Oriental Fried Rice",3,74500,QRIS
DOM-VAR-202501-0046,"2025-01-26 21:26:00","Sunset Sangria",3,72500,DEBIT
DOM-VAR-202501-0046,"2025-01-26 21:26:00","Spaghetti Bolognese",1,25000,DEBIT
DOM-VAR-202501-0047,"2025-01-08 13:04:00","Pisang Gorengnya DOM",1,20000,CASH
DOM-VAR-202501-0047,"2025-01-08 13:04:00","Kopi Latte",1,19500,CASH
DOM-VAR-202501-0048,"2025-01-27 15:18:00","Al Fresco Nachos",1,23000,QRIS
DOM-VAR-202501-0048,"2025-01-27 15:18:00","Taro Latte With Egg Pudding",1,25000,QRIS
DOM-VAR-202501-0049,"2025-01-11 20:12:00","Ham Spaghetti Brulee",2,59000,CASH
DOM-VAR-202501-0049,"2025-01-11 20:12:00",Muppet,2,59000,CASH
DOM-VAR-202501-0050,"2025-01-27 16:35:00",Americano,2,31000,CASH
DOM-VAR-202501-0050,"2025-01-27 16:35:00","Sunset Sangria",1,24500,CASH
DOM-VAR-202501-0051,"2025-01-22 16:51:00","Spaghetti Carbonara",3,81500,DEBIT
DOM-VAR-202501-0051,"2025-01-22 16:51:00","Sub's Choice",2,54500,DEBIT
DOM-VAR-202501-0052,"2025-01-26 17:42:00",Americano,3,46000,CASH
DOM-VAR-202501-0052,"2025-01-26 17:42:00","Sunset Sangria",3,72500,CASH
DOM-VAR-202501-0053,"2025-01-03 15:39:00","Caramel Latte",1,25000,QRIS
DOM-VAR-202501-0053,"2025-01-03 15:39:00","Lemon Tea",2,39000,QRIS
DOM-VAR-202501-0054,"2025-01-12 10:33:00","DOM's Original",3,58500,QRIS
DOM-VAR-202501-0054,"2025-01-12 10:33:00","Violet Kalamansi",3,65500,QRIS
DOM-VAR-202501-0055,"2025-01-21 18:27:00","Sub's Choice",1,27500,CASH
DOM-VAR-202501-0056,"2025-01-11 11:23:00","Salted Egg Pop Chicken",1,35000,CASH
DOM-VAR-202501-0057,"2025-01-18 14:31:00",Muppet,1,29500,DEBIT
DOM-VAR-202501-0057,"2025-01-18 14:31:00","French Fries & Sausage",1,19500,DEBIT
DOM-VAR-202501-0058,"2025-01-03 16:25:00","Cheese Croquette Balls",1,19500,DEBIT
DOM-VAR-202501-0058,"2025-01-03 16:25:00","Salted Egg Pop Chicken",2,69500,DEBIT
DOM-VAR-202501-0059,"2025-01-22 11:42:00","Oriental Fried Rice",3,74500,DEBIT
DOM-VAR-202501-0059,"2025-01-22 11:42:00","Strawberry Tea",3,58500,DEBIT
DOM-VAR-202501-0060,"2025-01-09 09:30:00","Kampoeng Fried Rice",2,49500,DEBIT
DOM-VAR-202501-0060,"2025-01-09 09:30:00","Strawberry Tea",2,39000,DEBIT
DOM-VAR-202501-0061,"2025-01-07 13:12:00","Lemon Tea",1,19500,CASH
DOM-VAR-202501-0061,"2025-01-07 13:12:00",Chocolate,3,64000,CASH
DOM-VAR-202501-0062,"2025-01-13 15:06:00","Kampoeng Fried Rice",3,74500,CASH
DOM-VAR-202501-0062,"2025-01-13 15:06:00","Pisang Gorengnya DOM",2,40000,CASH
DOM-VAR-202501-0063,"2025-01-21 17:45:00","Chick N' Matah Rice",1,27500,QRIS
DOM-VAR-202501-0063,"2025-01-21 17:45:00","Kampoeng Fried Rice",3,74500,QRIS
DOM-VAR-202501-0064,"2025-01-20 10:17:00","Candy Cane",2,60000,CASH
DOM-VAR-202501-0065,"2025-01-03 09:40:00",Chocolate,1,21500,CASH
DOM-VAR-202501-0065,"2025-01-03 09:40:00","Scottish Latte",1,25000,CASH
DOM-VAR-202501-0066,"2025-01-14 10:41:00","Lychee Tea",2,39000,CASH
DOM-VAR-202501-0067,"2025-01-03 13:57:00","DOMS Wings",2,46000,DEBIT
DOM-VAR-202501-0068,"2025-01-26 18:45:00","Kampoeng Fried Rice",2,49500,DEBIT
DOM-VAR-202501-0068,"2025-01-26 18:45:00","Berry Berry Good!",2,59000,DEBIT
DOM-VAR-202501-0069,"2025-01-10 16:15:00","Mayo Karaage Rice",1,31000,CASH
DOM-VAR-202501-0069,"2025-01-10 16:15:00","DOM's Original",3,58500,CASH
DOM-VAR-202501-0070,"2025-01-27 11:47:00","Kampoeng Fried Rice",1,25000,CASH
DOM-VAR-202501-0071,"2025-01-25 17:59:00","Lemon Tea",2,39000,CASH
DOM-VAR-202501-0072,"2025-01-28 13:53:00","Pisang Gorengnya DOM",2,40000,QRIS
DOM-VAR-202501-0072,"2025-01-28 13:53:00","Lemon Tea",3,58500,QRIS
DOM-VAR-202501-0073,"2025-01-11 13:36:00","Sub's Choice",2,54500,QRIS
DOM-VAR-202501-0074,"2025-01-21 14:05:00","DOM's Original",2,39000,DEBIT
DOM-VAR-202501-0074,"2025-01-21 14:05:00","Scottish Latte",3,74500,DEBIT
DOM-VAR-202501-0075,"2025-01-21 17:04:00","Salted Caramel Macchiato",3,85000,DEBIT
DOM-VAR-202501-0075,"2025-01-21 17:04:00","DOM's Original",3,58500,DEBIT
DOM-VAR-202501-0076,"2025-01-20 19:45:00","DOMS Wings",3,69000,QRIS
DOM-VAR-202501-0076,"2025-01-20 19:45:00","Sunset Sangria",2,48500,QRIS
DOM-VAR-202501-0077,"2025-01-27 14:29:00","French Fries & Sausage",3,58500,QRIS
DOM-VAR-202501-0078,"2025-01-01 17:29:00","Lychee Tea",2,39000,CASH
DOM-VAR-202501-0079,"2025-01-07 21:49:00","Lemon Tea",1,19500,CASH
DOM-VAR-202501-0080,"2025-01-13 10:17:00","Red Velvet",1,22000,QRIS
DOM-VAR-202501-0080,"2025-01-13 10:17:00","Berry Berry Good!",1,29500,QRIS
DOM-VAR-202501-0081,"2025-01-11 13:28:00","Tropical Punch",1,24500,CASH
DOM-VAR-202501-0082,"2025-01-15 15:57:00","Espresso On The Rock",2,39000,CASH
DOM-VAR-202501-0083,"2025-01-17 17:04:00",Saltovino,2,52000,QRIS
DOM-VAR-202501-0084,"2025-01-18 15:58:00",Chocolate,1,21500,CASH
DOM-VAR-202501-0085,"2025-01-17 17:09:00","Pisang Gorengnya DOM",3,60000,QRIS
DOM-VAR-202501-0086,"2025-01-25 15:08:00","Berry Berry Good!",1,29500,DEBIT
DOM-VAR-202501-0086,"2025-01-25 15:08:00","Pisang Gorengnya DOM",3,60000,DEBIT
DOM-VAR-202501-0087,"2025-01-12 19:36:00","Espresso On The Rock",3,58500,DEBIT
DOM-VAR-202501-0088,"2025-01-25 16:13:00","Scottish Latte",2,49500,QRIS
DOM-VAR-202501-0089,"2025-01-15 15:41:00","Scottish Latte",3,74500,QRIS
DOM-VAR-202501-0090,"2025-01-14 13:58:00","Bang Nana Yoghurt",2,61500,QRIS
DOM-VAR-202501-0091,"2025-01-09 17:56:00","Choco Loco",2,49500,QRIS
DOM-VAR-202501-0091,"2025-01-09 17:56:00","Double Shaken Espresso",1,22500,QRIS
DOM-VAR-202501-0092,"2025-01-24 21:14:00","Bloody Mary",2,48500,CASH
DOM-VAR-202501-0093,"2025-01-01 17:41:00","Cheese Croquette Balls",1,19500,DEBIT
DOM-VAR-202501-0093,"2025-01-01 17:41:00","Violet Kalamansi",1,22000,DEBIT
DOM-VAR-202501-0094,"2025-01-08 18:18:00","DOMS Wings",2,46000,DEBIT
DOM-VAR-202501-0095,"2025-01-23 21:17:00","Lychee Tea",1,19500,QRIS
DOM-VAR-202501-0096,"2025-01-15 10:51:00","DOM's Original",2,39000,DEBIT
DOM-VAR-202501-0096,"2025-01-15 10:51:00","Cheese Croquette Balls",2,39000,DEBIT
DOM-VAR-202501-0097,"2025-01-24 11:20:00","French Fries & Sausage",2,39000,CASH
DOM-VAR-202501-0098,"2025-01-04 09:48:00","Lemon Tea",3,58500,DEBIT
DOM-VAR-202501-0098,"2025-01-04 09:48:00","Bloody Mary",2,48500,DEBIT
DOM-VAR-202501-0099,"2025-01-02 20:03:00",Saltovino,3,78000,QRIS
DOM-VAR-202501-0099,"2025-01-02 20:03:00","DOM's Original",3,58500,QRIS
DOM-VAR-202501-0100,"2025-01-11 13:12:00","French Fries & Sausage",1,19500,CASH
DOM-VAR-202501-0101,"2025-01-23 17:00:00","French Fries & Sausage",2,39000,CASH
DOM-VAR-202501-0102,"2025-01-22 15:59:00","Spaghetti Bolognese",2,49500,DEBIT
DOM-VAR-202501-0103,"2025-01-28 17:23:00","DOM's Original",1,19500,CASH
DOM-VAR-202501-0104,"2025-01-05 20:12:00","Al Fresco Nachos",2,46000,CASH
DOM-VAR-202501-0104,"2025-01-05 20:12:00","Lychee Tea",1,19500,CASH
DOM-VAR-202501-0105,"2025-01-15 21:07:00","Pisang Gorengnya DOM",1,20000,QRIS
DOM-VAR-202501-0105,"2025-01-15 21:07:00","Red Velvet",2,44000,QRIS
DOM-VAR-202501-0106,"2025-01-21 19:52:00",Chocolate,3,64000,CASH
DOM-VAR-202501-0106,"2025-01-21 19:52:00","Strawberry Tea",3,58500,CASH
DOM-VAR-202501-0107,"2025-01-09 21:46:00","Roti Bakar",1,15500,DEBIT
DOM-VAR-202501-0107,"2025-01-09 21:46:00","Sub's Choice",3,81500,DEBIT
DOM-VAR-202501-0108,"2025-01-28 11:33:00","Pisang Gorengnya DOM",2,40000,DEBIT
DOM-VAR-202501-0109,"2025-01-25 19:40:00","Pisang Gorengnya DOM",2,40000,CASH
DOM-VAR-202501-0109,"2025-01-25 19:40:00","Mayo Karaage Rice",3,92000,CASH
DOM-VAR-202501-0110,"2025-01-24 21:09:00","Chick N' Matah Rice",1,27500,DEBIT
DOM-VAR-202501-0111,"2025-01-21 10:08:00","Ham Spaghetti Brulee",3,88500,QRIS
DOM-VAR-202502-0112,"2025-02-12 21:11:00","Cheese Croquette Balls",2,132000,CASH
DOM-VAR-202502-0112,"2025-02-12 21:11:00","Pisang Gorengnya DOM",1,68000,CASH
DOM-VAR-202502-0113,"2025-02-26 12:43:00","Red Velvet",2,148000,CASH
DOM-VAR-202502-0113,"2025-02-26 12:43:00","Tropical Punch",3,246000,CASH
DOM-VAR-202502-0114,"2025-02-12 13:02:00","Bloody Mary",3,246000,CASH
DOM-VAR-202502-0114,"2025-02-12 13:02:00","Scottish Latte",3,252000,CASH
DOM-VAR-202502-0115,"2025-02-05 21:13:00","Caramel Latte",2,168000,CASH
DOM-VAR-202502-0116,"2025-02-06 10:14:00","Salted Caramel Macchiato",3,288000,QRIS
DOM-VAR-202502-0116,"2025-02-06 10:14:00","Strawberry Tea",1,66000,QRIS
DOM-VAR-202502-0117,"2025-02-28 21:32:00","Roti Bakar",1,52000,CASH
DOM-VAR-202502-0117,"2025-02-28 21:32:00","Chick N' Matah Rice",1,92000,CASH
DOM-VAR-202502-0118,"2025-02-19 18:14:00","Cheese Croquette Balls",1,66000,QRIS
DOM-VAR-202502-0118,"2025-02-19 18:14:00","Bloody Mary",1,82000,QRIS
DOM-VAR-202502-0119,"2025-02-14 16:25:00","Scottish Latte",3,252000,CASH
DOM-VAR-202502-0120,"2025-02-16 21:10:00","DOMS Wings",1,78000,QRIS
DOM-VAR-202502-0121,"2025-02-08 17:51:00","Chick N' Matah Rice",1,92000,QRIS
DOM-VAR-202502-0121,"2025-02-08 17:51:00","Salted Egg Pop Chicken",1,118000,QRIS
DOM-VAR-202502-0122,"2025-02-09 16:16:00","Lychee Tea",3,198000,DEBIT
DOM-VAR-202502-0123,"2025-02-14 18:32:00",Lotus,1,100000,CASH
DOM-VAR-202502-0124,"2025-02-04 09:27:00","Mr. P! Nuts",2,204000,QRIS
DOM-VAR-202502-0124,"2025-02-04 09:27:00","Taro Latte With Egg Pudding",3,252000,QRIS
DOM-VAR-202502-0125,"2025-02-22 09:43:00","Candy Cane",3,306000,CASH
DOM-VAR-202502-0125,"2025-02-22 09:43:00","Taro Latte With Egg Pudding",1,84000,CASH
DOM-VAR-202502-0126,"2025-02-24 17:36:00","Churro Bites",2,132000,QRIS
DOM-VAR-202502-0127,"2025-02-12 09:09:00","Violet Kalamansi",3,222000,CASH
DOM-VAR-202502-0128,"2025-02-27 10:18:00","Kopi Latte",3,198000,DEBIT
DOM-VAR-202502-0129,"2025-02-27 10:42:00","Cheese Croquette Balls",1,66000,CASH
DOM-VAR-202502-0130,"2025-02-16 21:58:00","Lemon Tea",2,132000,QRIS
DOM-VAR-202502-0130,"2025-02-16 21:58:00","Mayo Karaage Rice",3,312000,QRIS
DOM-VAR-202502-0131,"2025-02-23 17:24:00","Matcha Green Tea",1,100000,DEBIT
DOM-VAR-202502-0131,"2025-02-23 17:24:00","Strawberry Tea",1,66000,DEBIT
DOM-VAR-202502-0132,"2025-02-28 20:02:00","Taro Latte With Egg Pudding",2,168000,CASH
DOM-VAR-202502-0132,"2025-02-28 20:02:00","Al Fresco Nachos",2,156000,CASH
DOM-VAR-202502-0133,"2025-02-14 21:26:00","Salted Egg Pop Chicken",1,118000,DEBIT
DOM-VAR-202502-0134,"2025-02-26 21:19:00",Americano,1,52000,QRIS
DOM-VAR-202502-0134,"2025-02-26 21:19:00","Candy Cane",3,306000,QRIS
DOM-VAR-202502-0135,"2025-02-26 11:54:00","Lemon Tea",1,66000,CASH
DOM-VAR-202502-0135,"2025-02-26 11:54:00","Lychee Tea",1,66000,CASH
DOM-VAR-202502-0136,"2025-02-15 10:42:00","Bang Nana Yoghurt",1,104000,CASH
DOM-VAR-202502-0137,"2025-02-12 13:16:00","Churro Bites",1,66000,CASH
DOM-VAR-202502-0137,"2025-02-12 13:16:00","Kampoeng Fried Rice",2,168000,CASH
DOM-VAR-202502-0138,"2025-02-08 20:54:00","Mr. P! Nuts",3,306000,CASH
DOM-VAR-202502-0138,"2025-02-08 20:54:00","Cheese Croquette Balls",3,198000,CASH
DOM-VAR-202502-0139,"2025-02-02 21:16:00","Mayo Karaage Rice",3,312000,QRIS
DOM-VAR-202502-0139,"2025-02-02 21:16:00","Sunset Sangria",1,82000,QRIS
DOM-VAR-202502-0140,"2025-02-18 21:02:00","Hazelnut Latte",3,252000,QRIS
DOM-VAR-202502-0140,"2025-02-18 21:02:00","Caramel Latte",3,252000,QRIS
DOM-VAR-202502-0141,"2025-02-08 14:25:00","Mayo Karaage Rice",2,208000,DEBIT
DOM-VAR-202502-0141,"2025-02-08 14:25:00","French Fries & Sausage",2,132000,DEBIT
DOM-VAR-202502-0142,"2025-02-21 10:58:00","Scottish Latte",3,252000,DEBIT
DOM-VAR-202502-0143,"2025-02-16 21:21:00","Spaghetti Bolognese",2,168000,DEBIT
DOM-VAR-202502-0143,"2025-02-16 21:21:00","Espresso On The Rock",2,132000,DEBIT
DOM-VAR-202502-0144,"2025-02-27 21:06:00","Kopi Latte",3,198000,CASH
DOM-VAR-202502-0144,"2025-02-27 21:06:00","Kampoeng Fried Rice",3,252000,CASH
DOM-VAR-202502-0145,"2025-02-21 21:13:00","Salted Caramel Macchiato",1,96000,QRIS
DOM-VAR-202502-0146,"2025-02-20 20:34:00","Double Shaken Espresso",3,228000,CASH
DOM-VAR-202502-0146,"2025-02-20 20:34:00","Kampoeng Fried Rice",1,84000,CASH
DOM-VAR-202502-0147,"2025-02-20 11:30:00","Candy Cane",3,306000,CASH
DOM-VAR-202502-0148,"2025-02-22 09:03:00","Red Velvet",3,222000,DEBIT
DOM-VAR-202502-0148,"2025-02-22 09:03:00","Matcha Green Tea",3,300000,DEBIT
DOM-VAR-202502-0149,"2025-02-11 16:12:00","Cheese Croquette Balls",3,198000,DEBIT
DOM-VAR-202502-0150,"2025-02-08 19:28:00",Americano,3,156000,QRIS
DOM-VAR-202502-0150,"2025-02-08 19:28:00","Chick N' Matah Rice",3,276000,QRIS
DOM-VAR-202502-0151,"2025-02-18 17:46:00","Scottish Latte",2,168000,QRIS
DOM-VAR-202502-0152,"2025-02-14 18:00:00","Lemon Tea",1,66000,QRIS
DOM-VAR-202502-0153,"2025-02-19 12:02:00","Red Velvet",1,74000,DEBIT
DOM-VAR-202502-0153,"2025-02-19 12:02:00","Red Velvet",2,148000,DEBIT
DOM-VAR-202502-0154,"2025-02-14 09:18:00","Sub's Choice",1,92000,QRIS
DOM-VAR-202502-0155,"2025-02-20 20:39:00","Berry Berry Good!",2,200000,CASH
DOM-VAR-202502-0156,"2025-02-03 13:46:00","Sub's Choice",1,92000,QRIS
DOM-VAR-202502-0157,"2025-02-09 21:54:00",Saltovino,1,88000,DEBIT
DOM-VAR-202502-0157,"2025-02-09 21:54:00","Choco Loco",2,168000,DEBIT
DOM-VAR-202502-0158,"2025-02-22 10:09:00","Roti Bakar",3,156000,DEBIT
DOM-VAR-202502-0158,"2025-02-22 10:09:00","Kopi Latte",2,132000,DEBIT
DOM-VAR-202502-0159,"2025-02-10 17:19:00","Choco Loco",1,84000,QRIS
DOM-VAR-202502-0159,"2025-02-10 17:19:00","DOMS Wings",2,156000,QRIS
DOM-VAR-202502-0160,"2025-02-07 15:10:00","Roti Bakar",3,156000,DEBIT
DOM-VAR-202502-0160,"2025-02-07 15:10:00","Churro Bites",1,66000,DEBIT
DOM-VAR-202502-0161,"2025-02-09 17:37:00","Strawberry Tea",2,132000,QRIS
DOM-VAR-202502-0162,"2025-02-10 14:40:00","Oriental Fried Rice",1,84000,QRIS
DOM-VAR-202502-0163,"2025-02-04 10:06:00","Spaghetti Carbonara",2,184000,DEBIT
DOM-VAR-202502-0163,"2025-02-04 10:06:00","Spaghetti Bolognese",3,252000,DEBIT
DOM-VAR-202502-0164,"2025-02-11 21:26:00","Sub's Choice",2,184000,CASH
DOM-VAR-202502-0165,"2025-02-23 18:35:00","Red Velvet",1,74000,QRIS
DOM-VAR-202502-0166,"2025-02-08 21:51:00","Churro Bites",2,132000,CASH
DOM-VAR-202502-0166,"2025-02-08 21:51:00","Chick N' Matah Rice",3,276000,CASH
DOM-VAR-202502-0167,"2025-02-11 19:29:00","Lemon Tea",2,132000,DEBIT
DOM-VAR-202502-0168,"2025-02-10 13:22:00","Espresso On The Rock",2,132000,QRIS
DOM-VAR-202502-0168,"2025-02-10 13:22:00","Kampoeng Fried Rice",2,168000,QRIS
DOM-VAR-202502-0169,"2025-02-24 21:37:00","Pisang Gorengnya DOM",2,136000,DEBIT
DOM-VAR-202502-0170,"2025-02-20 13:12:00","Bang Nana Yoghurt",1,104000,QRIS
DOM-VAR-202502-0171,"2025-02-23 12:04:00","Oriental Fried Rice",2,168000,DEBIT
DOM-VAR-202502-0171,"2025-02-23 12:04:00","DOMS Wings",1,78000,DEBIT
DOM-VAR-202502-0172,"2025-02-18 10:26:00","Sunset Sangria",2,164000,QRIS
DOM-VAR-202502-0172,"2025-02-18 10:26:00","Ham Spaghetti Brulee",3,300000,QRIS
DOM-VAR-202502-0173,"2025-02-13 09:53:00","Lemon Tea",1,66000,CASH
DOM-VAR-202502-0173,"2025-02-13 09:53:00","Kopi Latte",1,66000,CASH
DOM-VAR-202502-0174,"2025-02-22 09:45:00","Double Shaken Espresso",2,152000,DEBIT
DOM-VAR-202502-0175,"2025-02-27 21:53:00","Kopi Latte",2,132000,CASH
DOM-VAR-202502-0175,"2025-02-27 21:53:00","Berry Berry Good!",2,200000,CASH
DOM-VAR-202502-0176,"2025-02-13 14:54:00","Salted Caramel Macchiato",1,96000,QRIS
DOM-VAR-202502-0177,"2025-02-21 15:50:00",Saltovino,2,176000,QRIS
DOM-VAR-202502-0177,"2025-02-21 15:50:00",Muppet,3,300000,QRIS
DOM-VAR-202502-0178,"2025-02-26 18:04:00","DOM's Original",3,198000,DEBIT
DOM-VAR-202502-0179,"2025-02-17 17:45:00","Spaghetti Bolognese",2,168000,QRIS
DOM-VAR-202502-0179,"2025-02-17 17:45:00","Berry Berry Good!",3,300000,QRIS
DOM-VAR-202502-0180,"2025-02-13 21:00:00",Muppet,2,200000,QRIS
DOM-VAR-202502-0180,"2025-02-13 21:00:00","Spaghetti Carbonara",2,184000,QRIS
DOM-VAR-202502-0181,"2025-02-06 19:58:00","Bang Nana Yoghurt",3,312000,QRIS
DOM-VAR-202502-0182,"2025-02-07 12:30:00","Pisang Gorengnya DOM",3,204000,QRIS
DOM-VAR-202502-0183,"2025-02-24 17:49:00","Roti Bakar",1,52000,DEBIT
DOM-VAR-202502-0183,"2025-02-24 17:49:00","Bloody Mary",3,246000,DEBIT
DOM-VAR-202502-0184,"2025-02-20 13:47:00","Kampoeng Fried Rice",3,252000,DEBIT
DOM-VAR-202502-0185,"2025-02-12 12:02:00","DOMS Wings",1,78000,CASH
DOM-VAR-202502-0185,"2025-02-12 12:02:00","Kopi Latte",1,66000,CASH
DOM-VAR-202502-0186,"2025-02-08 15:58:00","Hazelnut Latte",1,84000,QRIS
DOM-VAR-202502-0186,"2025-02-08 15:58:00","Matcha Green Tea",3,300000,QRIS
DOM-VAR-202502-0187,"2025-02-11 18:27:00","Spaghetti Bolognese",3,252000,QRIS
DOM-VAR-202502-0187,"2025-02-11 18:27:00","Choco Loco",2,168000,QRIS
DOM-VAR-202502-0188,"2025-02-24 19:19:00","Chick N' Matah Rice",2,184000,QRIS
DOM-VAR-202502-0188,"2025-02-24 19:19:00",Muppet,1,100000,QRIS
DOM-VAR-202502-0189,"2025-02-06 14:19:00","Beef Aglio Olio",3,252000,QRIS
DOM-VAR-202502-0190,"2025-02-26 15:21:00","Choco Loco",1,84000,CASH
DOM-VAR-202502-0191,"2025-02-21 18:37:00",Muppet,1,100000,QRIS
DOM-VAR-202502-0192,"2025-02-14 19:10:00","Matcha Green Tea",1,100000,QRIS
DOM-VAR-202502-0192,"2025-02-14 19:10:00","Al Fresco Nachos",3,234000,QRIS
DOM-VAR-202502-0193,"2025-02-13 15:01:00","Lemon Tea",2,132000,CASH
DOM-VAR-202502-0193,"2025-02-13 15:01:00","Lemon Tea",1,66000,CASH
DOM-VAR-202502-0194,"2025-02-05 19:23:00","Bloody Mary",1,82000,QRIS
DOM-VAR-202502-0194,"2025-02-05 19:23:00",Chocolate,3,216000,QRIS
DOM-VAR-202502-0195,"2025-02-21 16:50:00",Lotus,1,100000,DEBIT
DOM-VAR-202502-0196,"2025-02-09 19:29:00","Bloody Mary",2,164000,CASH
DOM-VAR-202502-0196,"2025-02-09 19:29:00",Muppet,1,100000,CASH
DOM-VAR-202502-0197,"2025-02-24 20:31:00","Choco Loco",1,84000,CASH
DOM-VAR-202502-0197,"2025-02-24 20:31:00","Sunset Sangria",1,82000,CASH
DOM-VAR-202502-0198,"2025-02-18 13:38:00","Bloody Mary",3,246000,DEBIT
DOM-VAR-202502-0198,"2025-02-18 13:38:00",Lotus,1,100000,DEBIT
DOM-VAR-202502-0199,"2025-02-27 12:06:00","DOMS Wings",1,78000,CASH
DOM-VAR-202502-0200,"2025-02-14 10:33:00","Salted Caramel Macchiato",2,192000,QRIS
DOM-VAR-202502-0201,"2025-02-15 17:57:00","Roti Bakar",2,104000,QRIS
DOM-VAR-202502-0202,"2025-02-02 19:26:00","Strawberry Tea",3,198000,QRIS
DOM-VAR-202502-0203,"2025-02-26 14:21:00","Pisang Gorengnya DOM",2,136000,CASH
DOM-VAR-202502-0204,"2025-02-13 10:28:00","Tropical Punch",3,246000,CASH
DOM-VAR-202502-0204,"2025-02-13 10:28:00","Violet Kalamansi",3,222000,CASH
DOM-VAR-202502-0205,"2025-02-16 13:03:00","DOM's Original",1,66000,CASH
DOM-VAR-202502-0206,"2025-02-17 13:08:00","DOM's Original",1,66000,DEBIT
DOM-VAR-202502-0206,"2025-02-17 13:08:00","Cheese Croquette Balls",3,198000,DEBIT
DOM-VAR-202502-0207,"2025-02-08 09:40:00","Bang Nana Yoghurt",1,104000,QRIS
DOM-VAR-202502-0207,"2025-02-08 09:40:00","Caramel Latte",2,168000,QRIS
DOM-VAR-202502-0208,"2025-02-07 21:52:00","Strawberry Tea",1,66000,CASH
DOM-VAR-202502-0209,"2025-02-16 14:38:00","Ham Spaghetti Brulee",1,100000,CASH
DOM-VAR-202502-0209,"2025-02-16 14:38:00",Saltovino,1,88000,CASH
DOM-VAR-202502-0210,"2025-02-14 16:51:00","Espresso On The Rock",1,66000,DEBIT
DOM-VAR-202502-0210,"2025-02-14 16:51:00","Oriental Fried Rice",3,252000,DEBIT
DOM-VAR-202502-0211,"2025-02-19 17:45:00",Saltovino,3,264000,QRIS
DOM-VAR-202502-0212,"2025-02-21 19:25:00","Sub's Choice",1,92000,CASH
DOM-VAR-202502-0212,"2025-02-21 19:25:00","Strawberry Tea",2,132000,CASH
DOM-VAR-202502-0213,"2025-02-24 15:28:00","Choco Loco",2,168000,QRIS
DOM-VAR-202502-0213,"2025-02-24 15:28:00","Churro Bites",3,198000,QRIS
DOM-VAR-202502-0214,"2025-02-28 20:06:00","Pisang Gorengnya DOM",2,136000,QRIS
DOM-VAR-202502-0214,"2025-02-28 20:06:00","Matcha Green Tea",3,300000,QRIS
DOM-VAR-202502-0215,"2025-02-03 14:43:00","Bang Nana Yoghurt",2,208000,CASH
DOM-VAR-202502-0215,"2025-02-03 14:43:00","DOMS Wings",1,78000,CASH
DOM-VAR-202502-0216,"2025-02-20 20:42:00","Mr. P! Nuts",1,102000,CASH
DOM-VAR-202502-0216,"2025-02-20 20:42:00","Taro Latte With Egg Pudding",1,84000,CASH
DOM-VAR-202502-0217,"2025-02-26 12:18:00","Bloody Mary",3,246000,QRIS
DOM-VAR-202502-0218,"2025-02-03 09:18:00","Bang Nana Yoghurt",2,208000,CASH
DOM-VAR-202502-0218,"2025-02-03 09:18:00","Berry Berry Good!",3,300000,CASH
DOM-VAR-202502-0219,"2025-02-25 16:02:00","Churro Bites",1,66000,CASH
DOM-VAR-202502-0220,"2025-02-06 18:26:00",Lotus,1,100000,QRIS
DOM-VAR-202502-0221,"2025-02-14 17:41:00","Churro Bites",1,66000,QRIS
DOM-VAR-202502-0221,"2025-02-14 17:41:00","Strawberry Tea",2,132000,QRIS
DOM-VAR-202502-0222,"2025-02-28 10:33:00",Muppet,3,300000,QRIS
DOM-VAR-202503-0223,"2025-03-13 13:34:00","Oriental Fried Rice",3,97000,CASH
DOM-VAR-202503-0223,"2025-03-13 13:34:00","Berry Berry Good!",2,77000,CASH
DOM-VAR-202503-0224,"2025-03-27 21:40:00","Spaghetti Bolognese",3,97000,DEBIT
DOM-VAR-202503-0225,"2025-03-03 15:55:00",Chocolate,2,55500,QRIS
DOM-VAR-202503-0226,"2025-03-10 16:29:00","Oriental Fried Rice",2,65000,QRIS
DOM-VAR-202503-0227,"2025-03-05 16:36:00","Red Velvet",2,57000,DEBIT
DOM-VAR-202503-0227,"2025-03-05 16:36:00","Roti Bakar",1,20000,DEBIT
DOM-VAR-202503-0228,"2025-03-04 21:44:00","Ham Spaghetti Brulee",2,77000,QRIS
DOM-VAR-202503-0228,"2025-03-04 21:44:00","Spaghetti Carbonara",3,106500,QRIS
DOM-VAR-202503-0229,"2025-03-19 19:18:00","Candy Cane",3,118000,DEBIT
DOM-VAR-202503-0229,"2025-03-19 19:18:00","Taro Latte With Egg Pudding",2,65000,DEBIT
DOM-VAR-202503-0230,"2025-03-08 12:47:00",Muppet,2,77000,DEBIT
DOM-VAR-202503-0231,"2025-03-22 14:50:00","Strawberry Tea",1,25500,QRIS
DOM-VAR-202503-0232,"2025-03-16 11:54:00","Taro Latte With Egg Pudding",2,65000,DEBIT
DOM-VAR-202503-0232,"2025-03-16 11:54:00","Sub's Choice",1,35500,DEBIT
DOM-VAR-202503-0233,"2025-03-10 19:02:00","Scottish Latte",3,97000,DEBIT
DOM-VAR-202503-0233,"2025-03-10 19:02:00","Sunset Sangria",2,63500,DEBIT
DOM-VAR-202503-0234,"2025-03-14 16:30:00",Muppet,3,115500,DEBIT
DOM-VAR-202503-0234,"2025-03-14 16:30:00","Double Shaken Espresso",1,29500,DEBIT
DOM-VAR-202503-0235,"2025-03-12 15:53:00","Choco Loco",3,97000,DEBIT
DOM-VAR-202503-0235,"2025-03-12 15:53:00","Strawberry Tea",1,25500,DEBIT
DOM-VAR-202503-0236,"2025-03-19 10:03:00","Ham Spaghetti Brulee",2,77000,QRIS
DOM-VAR-202503-0236,"2025-03-19 10:03:00","Candy Cane",3,118000,QRIS
DOM-VAR-202503-0237,"2025-03-01 19:14:00","Taro Latte With Egg Pudding",2,65000,CASH
DOM-VAR-202503-0238,"2025-03-02 16:28:00","Sunset Sangria",1,32000,QRIS
DOM-VAR-202503-0238,"2025-03-02 16:28:00","Oriental Fried Rice",3,97000,QRIS
DOM-VAR-202503-0239,"2025-03-22 17:40:00","Chick N' Matah Rice",3,106500,QRIS
DOM-VAR-202503-0240,"2025-03-08 11:07:00","Salted Caramel Macchiato",1,37000,CASH
DOM-VAR-202503-0241,"2025-03-22 09:18:00","Double Shaken Espresso",3,88000,CASH
DOM-VAR-202503-0242,"2025-03-04 11:58:00","Sunset Sangria",2,63500,DEBIT
DOM-VAR-202503-0243,"2025-03-06 13:17:00","French Fries & Sausage",1,25500,CASH
DOM-VAR-202503-0244,"2025-03-11 21:39:00","Sub's Choice",2,71000,CASH
DOM-VAR-202503-0245,"2025-03-25 12:45:00","Sunset Sangria",3,95000,QRIS
DOM-VAR-202503-0246,"2025-03-13 21:20:00","Bloody Mary",1,32000,QRIS
DOM-VAR-202503-0247,"2025-03-13 17:09:00","Cheese Croquette Balls",1,25500,CASH
DOM-VAR-202503-0248,"2025-03-18 17:27:00","Al Fresco Nachos",2,60000,CASH
DOM-VAR-202503-0249,"2025-03-18 16:28:00","Cheese Croquette Balls",1,25500,CASH
DOM-VAR-202503-0250,"2025-03-11 19:14:00",Muppet,2,77000,QRIS
DOM-VAR-202503-0250,"2025-03-11 19:14:00","Mr. P! Nuts",1,39500,QRIS
DOM-VAR-202503-0251,"2025-03-18 10:48:00","Sunset Sangria",3,95000,CASH
DOM-VAR-202503-0252,"2025-03-24 13:32:00","French Fries & Sausage",3,76500,CASH
DOM-VAR-202503-0253,"2025-03-26 21:21:00","Bloody Mary",2,63500,QRIS
DOM-VAR-202503-0254,"2025-03-03 21:48:00","Salted Caramel Macchiato",3,111000,QRIS
DOM-VAR-202503-0254,"2025-03-03 21:48:00","Matcha Green Tea",3,115500,QRIS
DOM-VAR-202503-0255,"2025-03-21 13:23:00","Pisang Gorengnya DOM",3,78500,QRIS
DOM-VAR-202503-0256,"2025-03-21 12:17:00","French Fries & Sausage",1,25500,QRIS
DOM-VAR-202503-0256,"2025-03-21 12:17:00","Bang Nana Yoghurt",2,80000,QRIS
DOM-VAR-202503-0257,"2025-03-15 18:04:00","Al Fresco Nachos",3,90000,DEBIT
DOM-VAR-202503-0257,"2025-03-15 18:04:00","Churro Bites",2,51000,DEBIT
DOM-VAR-202503-0258,"2025-03-06 19:59:00","Scottish Latte",3,97000,QRIS
DOM-VAR-202503-0259,"2025-03-21 10:37:00","DOMS Wings",1,30000,QRIS
DOM-VAR-202503-0260,"2025-03-23 20:18:00","Salted Egg Pop Chicken",1,45500,CASH
DOM-VAR-202503-0260,"2025-03-23 20:18:00","Mr. P! Nuts",2,78500,CASH
DOM-VAR-202503-0261,"2025-03-11 18:05:00","Sunset Sangria",1,32000,DEBIT
DOM-VAR-202503-0261,"2025-03-11 18:05:00","Beef Aglio Olio",3,97000,DEBIT
DOM-VAR-202503-0262,"2025-03-04 17:44:00","Spaghetti Carbonara",1,35500,QRIS
DOM-VAR-202503-0263,"2025-03-03 11:37:00",Muppet,3,115500,DEBIT
DOM-VAR-202503-0264,"2025-03-25 13:29:00",Saltovino,2,68000,CASH
DOM-VAR-202503-0265,"2025-03-04 21:03:00","Oriental Fried Rice",1,32500,QRIS
DOM-VAR-202503-0265,"2025-03-04 21:03:00","Sub's Choice",2,71000,QRIS
DOM-VAR-202503-0266,"2025-03-05 14:09:00","Lychee Tea",2,51000,DEBIT
DOM-VAR-202503-0267,"2025-03-11 13:34:00",Muppet,1,38500,CASH
DOM-VAR-202503-0268,"2025-03-26 21:52:00","Candy Cane",3,118000,DEBIT
DOM-VAR-202503-0269,"2025-03-20 21:24:00","Red Velvet",3,85500,QRIS
DOM-VAR-202503-0270,"2025-03-10 20:27:00","Berry Berry Good!",2,77000,CASH
DOM-VAR-202503-0271,"2025-03-11 15:39:00","Candy Cane",3,118000,CASH
DOM-VAR-202503-0272,"2025-03-11 10:47:00","Oriental Fried Rice",1,32500,CASH
DOM-VAR-202503-0273,"2025-03-11 16:56:00","Lemon Tea",1,25500,QRIS
DOM-VAR-202503-0273,"2025-03-11 16:56:00","DOMS Wings",2,60000,QRIS
DOM-VAR-202503-0274,"2025-03-20 14:20:00","Kopi Latte",2,51000,QRIS
DOM-VAR-202503-0275,"2025-03-04 15:39:00","Kampoeng Fried Rice",3,97000,CASH
DOM-VAR-202503-0275,"2025-03-04 15:39:00","Sub's Choice",2,71000,CASH
DOM-VAR-202503-0276,"2025-03-24 19:45:00","Red Velvet",3,85500,QRIS
DOM-VAR-202503-0276,"2025-03-24 19:45:00","Roti Bakar",1,20000,QRIS
DOM-VAR-202503-0277,"2025-03-12 19:16:00","Al Fresco Nachos",1,30000,CASH
DOM-VAR-202503-0277,"2025-03-12 19:16:00","Oriental Fried Rice",2,65000,CASH
DOM-VAR-202503-0278,"2025-03-27 13:12:00",Saltovino,2,68000,CASH
DOM-VAR-202503-0278,"2025-03-27 13:12:00",Muppet,2,77000,CASH
DOM-VAR-202503-0279,"2025-03-12 09:54:00","Lychee Tea",2,51000,QRIS
DOM-VAR-202503-0279,"2025-03-12 09:54:00","Candy Cane",3,118000,QRIS
DOM-VAR-202503-0280,"2025-03-16 20:22:00","Spaghetti Bolognese",1,32500,CASH
DOM-VAR-202503-0281,"2025-03-07 12:06:00","DOMS Wings",2,60000,QRIS
DOM-VAR-202503-0282,"2025-03-23 15:18:00",Lotus,1,38500,DEBIT
DOM-VAR-202503-0282,"2025-03-23 15:18:00","Lemon Tea",2,51000,DEBIT
DOM-VAR-202503-0283,"2025-03-01 12:05:00",Chocolate,2,55500,CASH
DOM-VAR-202503-0283,"2025-03-01 12:05:00","DOMS Wings",3,90000,CASH
DOM-VAR-202503-0284,"2025-03-10 21:19:00","Salted Egg Pop Chicken",2,91000,DEBIT
DOM-VAR-202503-0284,"2025-03-10 21:19:00",Muppet,2,77000,DEBIT
DOM-VAR-202503-0285,"2025-03-21 11:40:00","Hazelnut Latte",2,65000,DEBIT
DOM-VAR-202503-0286,"2025-03-23 14:43:00","Pisang Gorengnya DOM",1,26500,QRIS
DOM-VAR-202503-0287,"2025-03-08 16:59:00","Espresso On The Rock",2,51000,CASH
DOM-VAR-202503-0288,"2025-03-07 21:39:00","Salted Egg Pop Chicken",3,136500,QRIS
DOM-VAR-202503-0289,"2025-03-02 12:46:00","Choco Loco",1,32500,CASH
DOM-VAR-202503-0289,"2025-03-02 12:46:00","Salted Caramel Macchiato",3,111000,CASH
DOM-VAR-202503-0290,"2025-03-11 20:56:00",Saltovino,3,102000,CASH
DOM-VAR-202503-0291,"2025-03-02 18:39:00","Beef Aglio Olio",3,97000,QRIS
DOM-VAR-202503-0292,"2025-03-28 21:13:00",Americano,3,60000,CASH
DOM-VAR-202503-0292,"2025-03-28 21:13:00","Pisang Gorengnya DOM",3,78500,CASH
DOM-VAR-202503-0293,"2025-03-05 17:51:00","Churro Bites",2,51000,DEBIT
DOM-VAR-202503-0294,"2025-03-07 11:00:00","Matcha Green Tea",3,115500,CASH
DOM-VAR-202503-0295,"2025-03-05 16:45:00","Spaghetti Bolognese",1,32500,DEBIT
DOM-VAR-202503-0295,"2025-03-05 16:45:00","Bang Nana Yoghurt",1,40000,DEBIT
DOM-VAR-202503-0296,"2025-03-17 11:49:00",Muppet,3,115500,QRIS
DOM-VAR-202503-0297,"2025-03-10 17:00:00","Churro Bites",1,25500,CASH
DOM-VAR-202503-0298,"2025-03-16 19:01:00","Oriental Fried Rice",3,97000,CASH
DOM-VAR-202503-0299,"2025-03-06 14:47:00","Cheese Croquette Balls",3,76500,QRIS
DOM-VAR-202503-0299,"2025-03-06 14:47:00","Sunset Sangria",1,32000,QRIS
DOM-VAR-202503-0300,"2025-03-27 10:49:00","Red Velvet",3,85500,QRIS
DOM-VAR-202503-0300,"2025-03-27 10:49:00","Beef Aglio Olio",1,32500,QRIS
DOM-VAR-202503-0301,"2025-03-12 17:27:00","Kampoeng Fried Rice",2,65000,QRIS
DOM-VAR-202503-0302,"2025-03-26 18:26:00",Lotus,1,38500,CASH
DOM-VAR-202503-0303,"2025-03-28 13:05:00","Salted Egg Pop Chicken",2,91000,QRIS
DOM-VAR-202503-0304,"2025-03-02 16:35:00","Taro Latte With Egg Pudding",1,32500,CASH
DOM-VAR-202503-0304,"2025-03-02 16:35:00","Mayo Karaage Rice",1,40000,CASH
DOM-VAR-202503-0305,"2025-03-09 14:55:00","Mayo Karaage Rice",2,80000,QRIS
DOM-VAR-202503-0305,"2025-03-09 14:55:00","Taro Latte With Egg Pudding",2,65000,QRIS
DOM-VAR-202503-0306,"2025-03-06 18:10:00","Roti Bakar",3,60000,QRIS
DOM-VAR-202503-0306,"2025-03-06 18:10:00","Ham Spaghetti Brulee",1,38500,QRIS
DOM-VAR-202503-0307,"2025-03-05 11:24:00","Lychee Tea",1,25500,CASH
DOM-VAR-202503-0308,"2025-03-11 14:15:00","Kampoeng Fried Rice",3,97000,CASH
DOM-VAR-202503-0309,"2025-03-17 15:13:00","Sunset Sangria",3,95000,DEBIT
DOM-VAR-202503-0310,"2025-03-16 11:24:00","Strawberry Tea",3,76500,QRIS
DOM-VAR-202503-0311,"2025-03-16 14:02:00","DOMS Wings",3,90000,DEBIT
DOM-VAR-202503-0311,"2025-03-16 14:02:00","Ham Spaghetti Brulee",1,38500,DEBIT
DOM-VAR-202503-0312,"2025-03-16 16:39:00","Candy Cane",1,39500,QRIS
DOM-VAR-202503-0312,"2025-03-16 16:39:00","Bloody Mary",2,63500,QRIS
DOM-VAR-202503-0313,"2025-03-14 10:51:00","Salted Caramel Macchiato",1,37000,CASH
DOM-VAR-202503-0313,"2025-03-14 10:51:00","Chick N' Matah Rice",2,71000,CASH
DOM-VAR-202503-0314,"2025-03-07 09:58:00","Berry Berry Good!",2,77000,QRIS
DOM-VAR-202503-0314,"2025-03-07 09:58:00",Muppet,2,77000,QRIS
DOM-VAR-202503-0315,"2025-03-04 19:51:00","Cheese Croquette Balls",1,25500,CASH
DOM-VAR-202503-0315,"2025-03-04 19:51:00","Candy Cane",1,39500,CASH
DOM-VAR-202503-0316,"2025-03-08 19:09:00","Sub's Choice",1,35500,CASH
DOM-VAR-202503-0316,"2025-03-08 19:09:00","Pisang Gorengnya DOM",3,78500,CASH
DOM-VAR-202503-0317,"2025-03-27 11:17:00","Violet Kalamansi",2,57000,DEBIT
DOM-VAR-202503-0318,"2025-03-24 18:55:00","Roti Bakar",3,60000,CASH
DOM-VAR-202503-0319,"2025-03-06 10:20:00","Mr. P! Nuts",1,39500,QRIS
DOM-VAR-202503-0319,"2025-03-06 10:20:00","DOM's Original",1,25500,QRIS
DOM-VAR-202503-0320,"2025-03-05 16:25:00","Chick N' Matah Rice",3,106500,DEBIT
DOM-VAR-202503-0321,"2025-03-23 19:57:00","Cheese Croquette Balls",2,51000,DEBIT
DOM-VAR-202503-0321,"2025-03-23 19:57:00","Kopi Latte",2,51000,DEBIT
DOM-VAR-202503-0322,"2025-03-21 20:53:00","DOM's Original",3,76500,QRIS
DOM-VAR-202503-0323,"2025-03-22 11:06:00","Spaghetti Carbonara",2,71000,QRIS
DOM-VAR-202503-0323,"2025-03-22 11:06:00","DOMS Wings",2,60000,QRIS
DOM-VAR-202503-0324,"2025-03-26 21:15:00","French Fries & Sausage",2,51000,CASH
DOM-VAR-202503-0325,"2025-03-06 14:51:00","French Fries & Sausage",1,25500,DEBIT
DOM-VAR-202503-0326,"2025-03-09 19:31:00","Pisang Gorengnya DOM",1,26500,QRIS
DOM-VAR-202503-0326,"2025-03-09 19:31:00","Double Shaken Espresso",3,88000,QRIS
DOM-VAR-202503-0327,"2025-03-05 17:31:00","Spaghetti Carbonara",1,35500,CASH
DOM-VAR-202503-0328,"2025-03-11 09:27:00","Lemon Tea",1,25500,QRIS
DOM-VAR-202503-0328,"2025-03-11 09:27:00","Roti Bakar",1,20000,QRIS
DOM-VAR-202503-0329,"2025-03-09 10:28:00","Spaghetti Carbonara",2,71000,QRIS
DOM-VAR-202503-0330,"2025-03-19 14:07:00","Bang Nana Yoghurt",1,40000,QRIS
DOM-VAR-202503-0330,"2025-03-19 14:07:00","French Fries & Sausage",3,76500,QRIS
DOM-VAR-202503-0331,"2025-03-06 15:30:00","Kopi Latte",1,25500,CASH
DOM-VAR-202503-0332,"2025-03-01 18:24:00","Spaghetti Carbonara",3,106500,QRIS
DOM-VAR-202503-0332,"2025-03-01 18:24:00","Kopi Latte",3,76500,QRIS
DOM-VAR-202503-0333,"2025-03-25 18:37:00","Al Fresco Nachos",1,30000,QRIS
DOM-VAR-202504-0334,"2025-04-23 12:19:00","Cheese Croquette Balls",1,19500,QRIS
DOM-VAR-202504-0334,"2025-04-23 12:19:00",Saltovino,3,78000,QRIS
DOM-VAR-202504-0335,"2025-04-05 12:46:00","Matcha Green Tea",2,59000,DEBIT
DOM-VAR-202504-0336,"2025-04-05 16:20:00","Ham Spaghetti Brulee",2,59000,QRIS
DOM-VAR-202504-0336,"2025-04-05 16:20:00","Sunset Sangria",2,48500,QRIS
DOM-VAR-202504-0337,"2025-04-08 18:23:00","Cheese Croquette Balls",1,19500,QRIS
DOM-VAR-202504-0338,"2025-04-12 09:23:00","Matcha Green Tea",1,29500,QRIS
DOM-VAR-202504-0338,"2025-04-12 09:23:00","DOMS Wings",1,23000,QRIS
DOM-VAR-202504-0339,"2025-04-06 16:31:00","Violet Kalamansi",1,22000,DEBIT
DOM-VAR-202504-0339,"2025-04-06 16:31:00","Berry Berry Good!",2,59000,DEBIT
DOM-VAR-202504-0340,"2025-04-24 15:23:00","Chick N' Matah Rice",2,54500,DEBIT
DOM-VAR-202504-0341,"2025-04-22 16:31:00",Saltovino,3,78000,CASH
DOM-VAR-202504-0342,"2025-04-28 19:52:00","DOMS Wings",1,23000,DEBIT
DOM-VAR-202504-0342,"2025-04-28 19:52:00","Oriental Fried Rice",2,49500,DEBIT
DOM-VAR-202504-0343,"2025-04-12 15:20:00","Pisang Gorengnya DOM",3,60000,QRIS
DOM-VAR-202504-0343,"2025-04-12 15:20:00","Bloody Mary",3,72500,QRIS
DOM-VAR-202504-0344,"2025-04-25 14:33:00","Beef Aglio Olio",1,25000,QRIS
DOM-VAR-202504-0345,"2025-04-08 16:27:00","Sub's Choice",3,81500,QRIS
DOM-VAR-202504-0346,"2025-04-10 12:09:00","Bloody Mary",1,24500,DEBIT
DOM-VAR-202504-0347,"2025-04-20 11:34:00","Mr. P! Nuts",3,90000,CASH
DOM-VAR-202504-0347,"2025-04-20 11:34:00","Churro Bites",3,58500,CASH
DOM-VAR-202504-0348,"2025-04-21 16:59:00",Saltovino,1,26000,DEBIT
DOM-VAR-202504-0349,"2025-04-13 12:01:00","Pisang Gorengnya DOM",1,20000,DEBIT
DOM-VAR-202504-0349,"2025-04-13 12:01:00","Mayo Karaage Rice",1,31000,DEBIT
DOM-VAR-202504-0350,"2025-04-05 12:31:00","Spaghetti Bolognese",2,49500,DEBIT
DOM-VAR-202504-0351,"2025-04-10 14:08:00","Strawberry Tea",1,19500,QRIS
DOM-VAR-202504-0352,"2025-04-16 10:44:00","Tropical Punch",2,48500,DEBIT
DOM-VAR-202504-0353,"2025-04-17 14:33:00","Choco Loco",1,25000,QRIS
DOM-VAR-202504-0354,"2025-04-09 19:02:00","Sub's Choice",2,54500,DEBIT
DOM-VAR-202504-0354,"2025-04-09 19:02:00","Matcha Green Tea",2,59000,DEBIT
DOM-VAR-202504-0355,"2025-04-22 20:51:00","Cheese Croquette Balls",3,58500,QRIS
DOM-VAR-202504-0356,"2025-04-26 20:22:00","Tropical Punch",3,72500,DEBIT
DOM-VAR-202504-0356,"2025-04-26 20:22:00","Espresso On The Rock",3,58500,DEBIT
DOM-VAR-202504-0357,"2025-04-20 21:24:00","Double Shaken Espresso",2,45000,QRIS
DOM-VAR-202504-0358,"2025-04-02 19:44:00","Double Shaken Espresso",3,67500,CASH
DOM-VAR-202504-0358,"2025-04-02 19:44:00",Americano,3,46000,CASH
DOM-VAR-202504-0359,"2025-04-15 10:11:00","French Fries & Sausage",3,58500,QRIS
DOM-VAR-202504-0359,"2025-04-15 10:11:00","Roti Bakar",2,31000,QRIS
DOM-VAR-202504-0360,"2025-04-10 18:56:00","Chick N' Matah Rice",2,54500,DEBIT
DOM-VAR-202504-0360,"2025-04-10 18:56:00","Caramel Latte",1,25000,DEBIT
DOM-VAR-202504-0361,"2025-04-08 13:45:00","Scottish Latte",3,74500,DEBIT
DOM-VAR-202504-0361,"2025-04-08 13:45:00","Ham Spaghetti Brulee",2,59000,DEBIT
DOM-VAR-202504-0362,"2025-04-13 20:54:00","Caramel Latte",1,25000,CASH
DOM-VAR-202504-0363,"2025-04-09 19:54:00","Caramel Latte",3,74500,QRIS
DOM-VAR-202504-0363,"2025-04-09 19:54:00","DOMS Wings",1,23000,QRIS
DOM-VAR-202504-0364,"2025-04-21 18:32:00",Muppet,2,59000,DEBIT
DOM-VAR-202504-0365,"2025-04-06 14:31:00","Al Fresco Nachos",3,69000,DEBIT
DOM-VAR-202504-0365,"2025-04-06 14:31:00","Taro Latte With Egg Pudding",1,25000,DEBIT
DOM-VAR-202504-0366,"2025-04-25 20:44:00","Sunset Sangria",3,72500,CASH
DOM-VAR-202504-0367,"2025-04-05 14:06:00","Pisang Gorengnya DOM",3,60000,CASH
DOM-VAR-202504-0367,"2025-04-05 14:06:00","Strawberry Tea",1,19500,CASH
DOM-VAR-202504-0368,"2025-04-21 18:38:00",Saltovino,3,78000,CASH
DOM-VAR-202504-0368,"2025-04-21 18:38:00","Red Velvet",3,65500,CASH
DOM-VAR-202504-0369,"2025-04-13 09:01:00","Espresso On The Rock",1,19500,CASH
DOM-VAR-202504-0369,"2025-04-13 09:01:00","Scottish Latte",2,49500,CASH
DOM-VAR-202504-0370,"2025-04-12 18:30:00","Sunset Sangria",3,72500,QRIS
DOM-VAR-202504-0371,"2025-04-06 16:10:00","Scottish Latte",3,74500,QRIS
DOM-VAR-202504-0372,"2025-04-12 21:50:00","Lemon Tea",2,39000,DEBIT
DOM-VAR-202504-0373,"2025-04-21 20:16:00","Mayo Karaage Rice",2,61500,QRIS
DOM-VAR-202504-0374,"2025-04-12 10:49:00","Lemon Tea",3,58500,CASH
DOM-VAR-202504-0375,"2025-04-15 20:15:00",Lotus,3,88500,DEBIT
DOM-VAR-202504-0375,"2025-04-15 20:15:00","Kampoeng Fried Rice",1,25000,DEBIT
DOM-VAR-202504-0376,"2025-04-27 18:12:00",Saltovino,3,78000,CASH
DOM-VAR-202504-0376,"2025-04-27 18:12:00","Mr. P! Nuts",1,30000,CASH
DOM-VAR-202504-0377,"2025-04-25 10:17:00","Spaghetti Bolognese",3,74500,CASH
DOM-VAR-202504-0377,"2025-04-25 10:17:00","Violet Kalamansi",1,22000,CASH
DOM-VAR-202504-0378,"2025-04-08 15:01:00","Strawberry Tea",3,58500,CASH
DOM-VAR-202504-0379,"2025-04-25 20:00:00","Lemon Tea",1,19500,DEBIT
DOM-VAR-202504-0379,"2025-04-25 20:00:00","DOM's Original",2,39000,DEBIT
DOM-VAR-202504-0380,"2025-04-04 11:59:00",Saltovino,3,78000,CASH
DOM-VAR-202504-0381,"2025-04-23 10:58:00","Taro Latte With Egg Pudding",2,49500,QRIS
DOM-VAR-202504-0382,"2025-04-05 21:58:00","Choco Loco",1,25000,CASH
DOM-VAR-202504-0383,"2025-04-14 20:56:00","Double Shaken Espresso",3,67500,CASH
DOM-VAR-202504-0383,"2025-04-14 20:56:00",Chocolate,2,42500,CASH
DOM-VAR-202504-0384,"2025-04-14 11:05:00",Chocolate,1,21500,CASH
DOM-VAR-202504-0384,"2025-04-14 11:05:00","Caramel Latte",3,74500,CASH
DOM-VAR-202504-0385,"2025-04-24 20:37:00","Berry Berry Good!",2,59000,DEBIT
DOM-VAR-202504-0386,"2025-04-13 09:41:00","Kopi Latte",2,39000,QRIS
DOM-VAR-202504-0386,"2025-04-13 09:41:00","Strawberry Tea",2,39000,QRIS
DOM-VAR-202504-0387,"2025-04-14 09:29:00","Sunset Sangria",1,24500,DEBIT
DOM-VAR-202504-0388,"2025-04-07 19:58:00","Chick N' Matah Rice",1,27500,CASH
DOM-VAR-202504-0388,"2025-04-07 19:58:00","Roti Bakar",1,15500,CASH
DOM-VAR-202504-0389,"2025-04-03 18:27:00","Double Shaken Espresso",2,45000,QRIS
DOM-VAR-202504-0389,"2025-04-03 18:27:00","Tropical Punch",3,72500,QRIS
DOM-VAR-202504-0390,"2025-04-01 21:30:00","DOMS Wings",3,69000,DEBIT
DOM-VAR-202504-0391,"2025-04-05 15:05:00","Kopi Latte",2,39000,DEBIT
DOM-VAR-202504-0392,"2025-04-11 20:50:00","Mayo Karaage Rice",3,92000,CASH
DOM-VAR-202504-0392,"2025-04-11 20:50:00","Al Fresco Nachos",1,23000,CASH
DOM-VAR-202504-0393,"2025-04-03 20:46:00","French Fries & Sausage",3,58500,DEBIT
DOM-VAR-202504-0394,"2025-04-16 09:48:00","Tropical Punch",3,72500,CASH
DOM-VAR-202504-0395,"2025-04-19 20:27:00",Americano,2,31000,CASH
DOM-VAR-202504-0396,"2025-04-17 12:56:00","DOM's Original",2,39000,QRIS
DOM-VAR-202504-0396,"2025-04-17 12:56:00",Americano,3,46000,QRIS
DOM-VAR-202504-0397,"2025-04-04 19:47:00","Salted Egg Pop Chicken",1,35000,QRIS
DOM-VAR-202504-0398,"2025-04-06 12:47:00","Kopi Latte",2,39000,QRIS
DOM-VAR-202504-0398,"2025-04-06 12:47:00","DOM's Original",3,58500,QRIS
DOM-VAR-202504-0399,"2025-04-04 11:10:00","Cheese Croquette Balls",2,39000,DEBIT
DOM-VAR-202504-0399,"2025-04-04 11:10:00","Candy Cane",2,60000,DEBIT
DOM-VAR-202504-0400,"2025-04-19 13:22:00","Al Fresco Nachos",1,23000,DEBIT
DOM-VAR-202504-0401,"2025-04-06 17:38:00","Choco Loco",3,74500,QRIS
DOM-VAR-202504-0401,"2025-04-06 17:38:00","Churro Bites",3,58500,QRIS
DOM-VAR-202504-0402,"2025-04-15 17:33:00","Violet Kalamansi",3,65500,DEBIT
DOM-VAR-202504-0403,"2025-04-07 17:19:00","Mr. P! Nuts",2,60000,QRIS
DOM-VAR-202504-0403,"2025-04-07 17:19:00","French Fries & Sausage",2,39000,QRIS
DOM-VAR-202504-0404,"2025-04-10 09:44:00","Spaghetti Bolognese",2,49500,QRIS
DOM-VAR-202504-0405,"2025-04-05 11:32:00","Churro Bites",3,58500,CASH
DOM-VAR-202504-0406,"2025-04-03 10:57:00","Double Shaken Espresso",3,67500,CASH
DOM-VAR-202504-0406,"2025-04-03 10:57:00","Beef Aglio Olio",1,25000,CASH
DOM-VAR-202504-0407,"2025-04-25 13:02:00","Hazelnut Latte",2,49500,QRIS
DOM-VAR-202504-0407,"2025-04-25 13:02:00","Kampoeng Fried Rice",3,74500,QRIS
DOM-VAR-202504-0408,"2025-04-10 14:00:00","Beef Aglio Olio",1,25000,QRIS
DOM-VAR-202504-0408,"2025-04-10 14:00:00","Mayo Karaage Rice",3,92000,QRIS
DOM-VAR-202504-0409,"2025-04-19 19:43:00","DOM's Original",2,39000,DEBIT
DOM-VAR-202504-0410,"2025-04-27 19:40:00","Sunset Sangria",2,48500,DEBIT
DOM-VAR-202504-0410,"2025-04-27 19:40:00","Bang Nana Yoghurt",1,31000,DEBIT
DOM-VAR-202504-0411,"2025-04-09 16:08:00","Lychee Tea",3,58500,DEBIT
DOM-VAR-202504-0412,"2025-04-11 09:24:00","Strawberry Tea",1,19500,DEBIT
DOM-VAR-202504-0413,"2025-04-19 15:06:00","Espresso On The Rock",1,19500,QRIS
DOM-VAR-202504-0414,"2025-04-21 20:43:00","Caramel Latte",1,25000,QRIS
DOM-VAR-202504-0415,"2025-04-07 16:06:00","Scottish Latte",3,74500,CASH
DOM-VAR-202504-0416,"2025-04-22 10:21:00",Chocolate,3,64000,QRIS
DOM-VAR-202504-0417,"2025-04-18 11:01:00","Caramel Latte",2,49500,CASH
DOM-VAR-202504-0417,"2025-04-18 11:01:00","Roti Bakar",1,15500,CASH
DOM-VAR-202504-0418,"2025-04-15 17:28:00","Beef Aglio Olio",2,49500,CASH
DOM-VAR-202504-0419,"2025-04-09 21:12:00",Americano,1,15500,DEBIT
DOM-VAR-202504-0419,"2025-04-09 21:12:00","Al Fresco Nachos",2,46000,DEBIT
DOM-VAR-202504-0420,"2025-04-28 12:40:00",Lotus,3,88500,CASH
DOM-VAR-202504-0420,"2025-04-28 12:40:00",Chocolate,1,21500,CASH
DOM-VAR-202504-0421,"2025-04-24 13:38:00",Chocolate,2,42500,CASH
DOM-VAR-202504-0422,"2025-04-19 16:52:00","Beef Aglio Olio",2,49500,QRIS
DOM-VAR-202504-0423,"2025-04-19 17:59:00","Scottish Latte",3,74500,QRIS
DOM-VAR-202504-0423,"2025-04-19 17:59:00","Hazelnut Latte",3,74500,QRIS
DOM-VAR-202504-0424,"2025-04-19 13:02:00","Sub's Choice",2,54500,QRIS
DOM-VAR-202504-0425,"2025-04-04 16:42:00","Choco Loco",1,25000,DEBIT
DOM-VAR-202504-0425,"2025-04-04 16:42:00","Salted Egg Pop Chicken",3,104500,DEBIT
DOM-VAR-202504-0426,"2025-04-02 17:23:00","Choco Loco",2,49500,CASH
DOM-VAR-202504-0427,"2025-04-01 17:19:00","Kopi Latte",1,19500,DEBIT
DOM-VAR-202504-0427,"2025-04-01 17:19:00","Pisang Gorengnya DOM",1,20000,DEBIT
DOM-VAR-202504-0428,"2025-04-11 16:55:00","Berry Berry Good!",3,88500,CASH
DOM-VAR-202504-0429,"2025-04-03 14:19:00",Americano,3,46000,QRIS
DOM-VAR-202504-0430,"2025-04-24 13:04:00","Tropical Punch",3,72500,QRIS
DOM-VAR-202504-0430,"2025-04-24 13:04:00","Mayo Karaage Rice",1,31000,QRIS
DOM-VAR-202504-0431,"2025-04-24 16:48:00","Roti Bakar",1,15500,DEBIT
DOM-VAR-202504-0432,"2025-04-05 10:45:00","Espresso On The Rock",3,58500,CASH
DOM-VAR-202504-0433,"2025-04-13 19:00:00","Espresso On The Rock",3,58500,QRIS
DOM-VAR-202504-0433,"2025-04-13 19:00:00","Taro Latte With Egg Pudding",2,49500,QRIS
DOM-VAR-202504-0434,"2025-04-08 17:32:00","Churro Bites",3,58500,CASH
DOM-VAR-202504-0434,"2025-04-08 17:32:00","Violet Kalamansi",1,22000,CASH
DOM-VAR-202504-0435,"2025-04-22 14:38:00","Spaghetti Carbonara",3,81500,CASH
DOM-VAR-202504-0435,"2025-04-22 14:38:00","Bang Nana Yoghurt",2,61500,CASH
DOM-VAR-202504-0436,"2025-04-20 10:50:00","Spaghetti Bolognese",2,49500,QRIS
DOM-VAR-202504-0436,"2025-04-20 10:50:00","Sub's Choice",1,27500,QRIS
DOM-VAR-202504-0437,"2025-04-08 15:57:00","Tropical Punch",2,48500,CASH
DOM-VAR-202504-0438,"2025-04-07 16:18:00","Pisang Gorengnya DOM",2,40000,DEBIT
DOM-VAR-202504-0439,"2025-04-25 09:29:00",Americano,3,46000,CASH
DOM-VAR-202504-0439,"2025-04-25 09:29:00","DOMS Wings",1,23000,CASH
DOM-VAR-202504-0440,"2025-04-23 09:05:00","Strawberry Tea",1,19500,CASH
DOM-VAR-202504-0440,"2025-04-23 09:05:00",Chocolate,1,21500,CASH
DOM-VAR-202504-0441,"2025-04-16 19:48:00","Red Velvet",3,65500,CASH
DOM-VAR-202504-0442,"2025-04-02 15:18:00","Violet Kalamansi",2,44000,QRIS
DOM-VAR-202504-0443,"2025-04-04 15:23:00","Scottish Latte",2,49500,DEBIT
DOM-VAR-202504-0443,"2025-04-04 15:23:00","Tropical Punch",3,72500,DEBIT
DOM-VAR-202504-0444,"2025-04-27 16:39:00","Sunset Sangria",1,24500,CASH
DOM-VAR-202504-0444,"2025-04-27 16:39:00","Lemon Tea",2,39000,CASH
DOM-VAR-202505-0445,"2025-05-22 13:04:00","French Fries & Sausage",2,132000,DEBIT
DOM-VAR-202505-0446,"2025-05-11 14:25:00","Sunset Sangria",1,82000,DEBIT
DOM-VAR-202505-0446,"2025-05-11 14:25:00","Salted Caramel Macchiato",1,96000,DEBIT
DOM-VAR-202505-0447,"2025-05-05 13:12:00","Sunset Sangria",1,82000,DEBIT
DOM-VAR-202505-0447,"2025-05-05 13:12:00","Cheese Croquette Balls",1,66000,DEBIT
DOM-VAR-202505-0448,"2025-05-06 18:04:00","Salted Caramel Macchiato",3,288000,QRIS
DOM-VAR-202505-0448,"2025-05-06 18:04:00","Ham Spaghetti Brulee",1,100000,QRIS
DOM-VAR-202505-0449,"2025-05-01 10:54:00","Lychee Tea",2,132000,CASH
DOM-VAR-202505-0449,"2025-05-01 10:54:00","Matcha Green Tea",3,300000,CASH
DOM-VAR-202505-0450,"2025-05-13 09:11:00","Violet Kalamansi",3,222000,QRIS
DOM-VAR-202505-0450,"2025-05-13 09:11:00","Ham Spaghetti Brulee",3,300000,QRIS
DOM-VAR-202505-0451,"2025-05-14 09:04:00","Red Velvet",1,74000,QRIS
DOM-VAR-202505-0452,"2025-05-08 20:49:00","Oriental Fried Rice",2,168000,QRIS
DOM-VAR-202505-0452,"2025-05-08 20:49:00","Spaghetti Carbonara",1,92000,QRIS
DOM-VAR-202505-0453,"2025-05-14 13:32:00","Violet Kalamansi",2,148000,QRIS
DOM-VAR-202505-0453,"2025-05-14 13:32:00","Salted Caramel Macchiato",3,288000,QRIS
DOM-VAR-202505-0454,"2025-05-08 13:56:00","Bang Nana Yoghurt",1,104000,DEBIT
DOM-VAR-202505-0455,"2025-05-25 20:16:00","Spaghetti Bolognese",2,168000,QRIS
DOM-VAR-202505-0455,"2025-05-25 20:16:00","DOMS Wings",1,78000,QRIS
DOM-VAR-202505-0456,"2025-05-03 14:44:00","Sub's Choice",2,184000,QRIS
DOM-VAR-202505-0457,"2025-05-09 14:31:00","Red Velvet",3,222000,CASH
DOM-VAR-202505-0457,"2025-05-09 14:31:00","Pisang Gorengnya DOM",3,204000,CASH
DOM-VAR-202505-0458,"2025-05-05 20:51:00","Tropical Punch",2,164000,QRIS
DOM-VAR-202505-0459,"2025-05-18 16:36:00","Roti Bakar",3,156000,QRIS
DOM-VAR-202505-0460,"2025-05-27 15:43:00","Ham Spaghetti Brulee",3,300000,QRIS
DOM-VAR-202505-0461,"2025-05-13 13:44:00","Hazelnut Latte",1,84000,DEBIT
DOM-VAR-202505-0462,"2025-05-27 15:48:00","Pisang Gorengnya DOM",3,204000,QRIS
DOM-VAR-202505-0463,"2025-05-10 10:06:00","Tropical Punch",3,246000,QRIS
DOM-VAR-202505-0463,"2025-05-10 10:06:00","DOMS Wings",3,234000,QRIS
DOM-VAR-202505-0464,"2025-05-09 09:03:00","Taro Latte With Egg Pudding",2,168000,DEBIT
DOM-VAR-202505-0465,"2025-05-16 10:25:00","Hazelnut Latte",3,252000,CASH
DOM-VAR-202505-0466,"2025-05-01 20:53:00","Mayo Karaage Rice",2,208000,QRIS
DOM-VAR-202505-0467,"2025-05-15 17:14:00","Mayo Karaage Rice",2,208000,CASH
DOM-VAR-202505-0467,"2025-05-15 17:14:00","Kampoeng Fried Rice",3,252000,CASH
DOM-VAR-202505-0468,"2025-05-01 13:53:00","Matcha Green Tea",1,100000,CASH
DOM-VAR-202505-0468,"2025-05-01 13:53:00","Salted Egg Pop Chicken",3,354000,CASH
DOM-VAR-202505-0469,"2025-05-25 16:07:00","Bang Nana Yoghurt",1,104000,CASH
DOM-VAR-202505-0469,"2025-05-25 16:07:00","Mayo Karaage Rice",2,208000,CASH
DOM-VAR-202505-0470,"2025-05-04 11:57:00","Mr. P! Nuts",1,102000,QRIS
DOM-VAR-202505-0470,"2025-05-04 11:57:00","Al Fresco Nachos",2,156000,QRIS
DOM-VAR-202505-0471,"2025-05-24 15:27:00","Berry Berry Good!",1,100000,QRIS
DOM-VAR-202505-0471,"2025-05-24 15:27:00","DOMS Wings",3,234000,QRIS
DOM-VAR-202505-0472,"2025-05-14 13:46:00","Scottish Latte",2,168000,CASH
DOM-VAR-202505-0473,"2025-05-17 14:01:00","Kampoeng Fried Rice",1,84000,CASH
DOM-VAR-202505-0473,"2025-05-17 14:01:00","Red Velvet",3,222000,CASH
DOM-VAR-202505-0474,"2025-05-17 15:19:00","Spaghetti Carbonara",3,276000,DEBIT
DOM-VAR-202505-0475,"2025-05-12 17:27:00","French Fries & Sausage",1,66000,CASH
DOM-VAR-202505-0476,"2025-05-05 12:37:00","Mr. P! Nuts",2,204000,DEBIT
DOM-VAR-202505-0476,"2025-05-05 12:37:00","Lychee Tea",2,132000,DEBIT
DOM-VAR-202505-0477,"2025-05-01 13:50:00","Roti Bakar",1,52000,DEBIT
DOM-VAR-202505-0478,"2025-05-06 21:20:00","Lemon Tea",3,198000,CASH
DOM-VAR-202505-0478,"2025-05-06 21:20:00",Americano,3,156000,CASH
DOM-VAR-202505-0479,"2025-05-26 15:05:00","Taro Latte With Egg Pudding",1,84000,QRIS
DOM-VAR-202505-0480,"2025-05-26 18:40:00","Choco Loco",3,252000,QRIS
DOM-VAR-202505-0481,"2025-05-07 09:38:00","Lemon Tea",1,66000,QRIS
DOM-VAR-202505-0481,"2025-05-07 09:38:00",Muppet,3,300000,QRIS
DOM-VAR-202505-0482,"2025-05-18 12:51:00","Matcha Green Tea",3,300000,QRIS
DOM-VAR-202505-0482,"2025-05-18 12:51:00",Lotus,2,200000,QRIS
DOM-VAR-202505-0483,"2025-05-08 16:25:00","Sunset Sangria",3,246000,QRIS
DOM-VAR-202505-0483,"2025-05-08 16:25:00",Muppet,3,300000,QRIS
DOM-VAR-202505-0484,"2025-05-24 19:31:00","Salted Caramel Macchiato",1,96000,CASH
DOM-VAR-202505-0485,"2025-05-14 18:22:00","Beef Aglio Olio",1,84000,QRIS
DOM-VAR-202505-0485,"2025-05-14 18:22:00","Candy Cane",1,102000,QRIS
DOM-VAR-202505-0486,"2025-05-16 14:34:00",Lotus,2,200000,QRIS
DOM-VAR-202505-0487,"2025-05-11 18:49:00","Taro Latte With Egg Pudding",3,252000,DEBIT
DOM-VAR-202505-0487,"2025-05-11 18:49:00","Matcha Green Tea",1,100000,DEBIT
DOM-VAR-202505-0488,"2025-05-09 15:40:00","DOM's Original",1,66000,QRIS
DOM-VAR-202505-0489,"2025-05-17 14:37:00","Sunset Sangria",2,164000,QRIS
DOM-VAR-202505-0489,"2025-05-17 14:37:00","Oriental Fried Rice",1,84000,QRIS
DOM-VAR-202505-0490,"2025-05-26 20:24:00","Espresso On The Rock",3,198000,CASH
DOM-VAR-202505-0491,"2025-05-16 19:21:00","Lychee Tea",2,132000,QRIS
DOM-VAR-202505-0492,"2025-05-05 20:03:00","Ham Spaghetti Brulee",2,200000,QRIS
DOM-VAR-202505-0492,"2025-05-05 20:03:00","Sunset Sangria",3,246000,QRIS
DOM-VAR-202505-0493,"2025-05-09 17:31:00","Mr. P! Nuts",3,306000,DEBIT
DOM-VAR-202505-0494,"2025-05-06 11:47:00","Taro Latte With Egg Pudding",2,168000,QRIS
DOM-VAR-202505-0495,"2025-05-04 14:46:00","Oriental Fried Rice",1,84000,CASH
DOM-VAR-202505-0495,"2025-05-04 14:46:00","Violet Kalamansi",2,148000,CASH
DOM-VAR-202505-0496,"2025-05-08 15:56:00","Churro Bites",1,66000,CASH
DOM-VAR-202505-0496,"2025-05-08 15:56:00","Red Velvet",1,74000,CASH
DOM-VAR-202505-0497,"2025-05-27 13:05:00","Lemon Tea",2,132000,QRIS
DOM-VAR-202505-0498,"2025-05-01 10:01:00","Beef Aglio Olio",3,252000,CASH
DOM-VAR-202505-0499,"2025-05-26 14:29:00","Scottish Latte",1,84000,CASH
DOM-VAR-202505-0499,"2025-05-26 14:29:00","Al Fresco Nachos",1,78000,CASH
DOM-VAR-202505-0500,"2025-05-26 11:21:00","Matcha Green Tea",1,100000,CASH
DOM-VAR-202505-0501,"2025-05-10 13:57:00","Roti Bakar",3,156000,DEBIT
DOM-VAR-202505-0501,"2025-05-10 13:57:00","Mayo Karaage Rice",3,312000,DEBIT
DOM-VAR-202505-0502,"2025-05-21 17:38:00","Al Fresco Nachos",3,234000,QRIS
DOM-VAR-202505-0502,"2025-05-21 17:38:00","Cheese Croquette Balls",3,198000,QRIS
DOM-VAR-202505-0503,"2025-05-20 17:31:00","Roti Bakar",3,156000,CASH
DOM-VAR-202505-0503,"2025-05-20 17:31:00","DOM's Original",3,198000,CASH
DOM-VAR-202505-0504,"2025-05-04 09:52:00","Bang Nana Yoghurt",3,312000,DEBIT
DOM-VAR-202505-0504,"2025-05-04 09:52:00","Bang Nana Yoghurt",2,208000,DEBIT
DOM-VAR-202505-0505,"2025-05-26 16:37:00",Saltovino,2,176000,QRIS
DOM-VAR-202505-0505,"2025-05-26 16:37:00","Tropical Punch",2,164000,QRIS
DOM-VAR-202505-0506,"2025-05-26 19:46:00","Spaghetti Carbonara",3,276000,DEBIT
DOM-VAR-202505-0506,"2025-05-26 19:46:00","Berry Berry Good!",2,200000,DEBIT
DOM-VAR-202505-0507,"2025-05-06 10:45:00","Kopi Latte",2,132000,DEBIT
DOM-VAR-202505-0508,"2025-05-17 14:12:00","Bang Nana Yoghurt",1,104000,CASH
DOM-VAR-202505-0509,"2025-05-02 14:56:00","Spaghetti Bolognese",1,84000,CASH
DOM-VAR-202505-0509,"2025-05-02 14:56:00",Muppet,3,300000,CASH
DOM-VAR-202505-0510,"2025-05-17 12:40:00","Strawberry Tea",2,132000,DEBIT
DOM-VAR-202505-0511,"2025-05-02 21:39:00","Candy Cane",3,306000,QRIS
DOM-VAR-202505-0511,"2025-05-02 21:39:00","Salted Caramel Macchiato",3,288000,QRIS
DOM-VAR-202505-0512,"2025-05-20 11:48:00","Hazelnut Latte",3,252000,CASH
DOM-VAR-202505-0513,"2025-05-09 10:07:00","Cheese Croquette Balls",2,132000,CASH
DOM-VAR-202505-0513,"2025-05-09 10:07:00","Beef Aglio Olio",3,252000,CASH
DOM-VAR-202505-0514,"2025-05-05 21:09:00","Sunset Sangria",1,82000,CASH
DOM-VAR-202505-0515,"2025-05-09 16:58:00","Candy Cane",3,306000,CASH
DOM-VAR-202505-0515,"2025-05-09 16:58:00","Berry Berry Good!",2,200000,CASH
DOM-VAR-202505-0516,"2025-05-08 13:57:00","Matcha Green Tea",1,100000,QRIS
DOM-VAR-202505-0516,"2025-05-08 13:57:00",Chocolate,1,72000,QRIS
DOM-VAR-202505-0517,"2025-05-15 09:32:00","Choco Loco",1,84000,DEBIT
DOM-VAR-202505-0518,"2025-05-25 16:20:00","Salted Caramel Macchiato",1,96000,DEBIT
DOM-VAR-202505-0519,"2025-05-17 14:56:00","Kampoeng Fried Rice",3,252000,DEBIT
DOM-VAR-202505-0519,"2025-05-17 14:56:00","Mr. P! Nuts",1,102000,DEBIT
DOM-VAR-202505-0520,"2025-05-14 20:17:00","Matcha Green Tea",1,100000,DEBIT
DOM-VAR-202505-0521,"2025-05-11 14:11:00","Sunset Sangria",1,82000,QRIS
DOM-VAR-202505-0521,"2025-05-11 14:11:00","Double Shaken Espresso",3,228000,QRIS
DOM-VAR-202505-0522,"2025-05-01 19:14:00","Hazelnut Latte",1,84000,DEBIT
DOM-VAR-202505-0523,"2025-05-05 16:43:00",Chocolate,1,72000,DEBIT
DOM-VAR-202505-0523,"2025-05-05 16:43:00","Kampoeng Fried Rice",2,168000,DEBIT
DOM-VAR-202505-0524,"2025-05-20 18:39:00","Spaghetti Bolognese",1,84000,QRIS
DOM-VAR-202505-0525,"2025-05-23 09:37:00","Bloody Mary",1,82000,CASH
DOM-VAR-202505-0526,"2025-05-04 12:09:00","Roti Bakar",2,104000,DEBIT
DOM-VAR-202505-0527,"2025-05-03 17:54:00","Espresso On The Rock",3,198000,QRIS
DOM-VAR-202505-0527,"2025-05-03 17:54:00","Scottish Latte",2,168000,QRIS
DOM-VAR-202505-0528,"2025-05-18 11:45:00","Churro Bites",1,66000,DEBIT
DOM-VAR-202505-0528,"2025-05-18 11:45:00","Beef Aglio Olio",1,84000,DEBIT
DOM-VAR-202505-0529,"2025-05-20 12:37:00","DOMS Wings",2,156000,CASH
DOM-VAR-202505-0530,"2025-05-11 20:48:00","Spaghetti Carbonara",3,276000,QRIS
DOM-VAR-202505-0530,"2025-05-11 20:48:00","Red Velvet",2,148000,QRIS
DOM-VAR-202505-0531,"2025-05-22 17:36:00","DOM's Original",3,198000,CASH
DOM-VAR-202505-0531,"2025-05-22 17:36:00","Ham Spaghetti Brulee",1,100000,CASH
DOM-VAR-202505-0532,"2025-05-26 17:57:00","Salted Caramel Macchiato",1,96000,QRIS
DOM-VAR-202505-0533,"2025-05-22 12:49:00",Saltovino,3,264000,DEBIT
DOM-VAR-202505-0534,"2025-05-23 18:36:00","Oriental Fried Rice",1,84000,DEBIT
DOM-VAR-202505-0535,"2025-05-20 12:43:00","Oriental Fried Rice",1,84000,CASH
DOM-VAR-202505-0536,"2025-05-27 14:04:00","Ham Spaghetti Brulee",2,200000,DEBIT
DOM-VAR-202505-0536,"2025-05-27 14:04:00","Violet Kalamansi",1,74000,DEBIT
DOM-VAR-202505-0537,"2025-05-07 14:38:00","Strawberry Tea",2,132000,DEBIT
DOM-VAR-202505-0537,"2025-05-07 14:38:00","Choco Loco",1,84000,DEBIT
DOM-VAR-202505-0538,"2025-05-07 14:23:00",Muppet,1,100000,DEBIT
DOM-VAR-202505-0538,"2025-05-07 14:23:00","Spaghetti Bolognese",2,168000,DEBIT
DOM-VAR-202505-0539,"2025-05-22 14:24:00","Mayo Karaage Rice",2,208000,CASH
DOM-VAR-202505-0540,"2025-05-11 20:36:00","Spaghetti Carbonara",1,92000,QRIS
DOM-VAR-202505-0541,"2025-05-27 18:53:00","Beef Aglio Olio",1,84000,QRIS
DOM-VAR-202505-0541,"2025-05-27 18:53:00","Violet Kalamansi",1,74000,QRIS
DOM-VAR-202505-0542,"2025-05-07 20:40:00","Hazelnut Latte",2,168000,CASH
DOM-VAR-202505-0543,"2025-05-15 15:20:00","Berry Berry Good!",1,100000,QRIS
DOM-VAR-202505-0543,"2025-05-15 15:20:00","Chick N' Matah Rice",1,92000,QRIS
DOM-VAR-202505-0544,"2025-05-06 12:49:00","Ham Spaghetti Brulee",2,200000,CASH
DOM-VAR-202505-0544,"2025-05-06 12:49:00","Red Velvet",3,222000,CASH
DOM-VAR-202505-0545,"2025-05-23 20:06:00",Americano,3,156000,DEBIT
DOM-VAR-202505-0546,"2025-05-15 09:12:00","Mayo Karaage Rice",3,312000,CASH
DOM-VAR-202505-0547,"2025-05-06 13:20:00","DOM's Original",2,132000,DEBIT
DOM-VAR-202505-0548,"2025-05-25 09:45:00","Cheese Croquette Balls",1,66000,CASH
DOM-VAR-202505-0549,"2025-05-16 18:47:00","Tropical Punch",3,246000,QRIS
DOM-VAR-202505-0549,"2025-05-16 18:47:00","Mayo Karaage Rice",3,312000,QRIS
DOM-VAR-202505-0550,"2025-05-21 20:48:00","Candy Cane",3,306000,CASH
DOM-VAR-202505-0550,"2025-05-21 20:48:00","Violet Kalamansi",1,74000,CASH
DOM-VAR-202505-0551,"2025-05-27 14:33:00","Tropical Punch",3,246000,QRIS
DOM-VAR-202505-0551,"2025-05-27 14:33:00","Lychee Tea",2,132000,QRIS
DOM-VAR-202505-0552,"2025-05-19 10:37:00","Strawberry Tea",2,132000,DEBIT
DOM-VAR-202505-0552,"2025-05-19 10:37:00","Mr. P! Nuts",1,102000,DEBIT
DOM-VAR-202505-0553,"2025-05-02 17:14:00","Violet Kalamansi",3,222000,QRIS
DOM-VAR-202505-0553,"2025-05-02 17:14:00","Cheese Croquette Balls",2,132000,QRIS
DOM-VAR-202505-0554,"2025-05-05 09:10:00","Kopi Latte",3,198000,CASH
DOM-VAR-202505-0554,"2025-05-05 09:10:00","Roti Bakar",1,52000,CASH
DOM-VAR-202505-0555,"2025-05-03 14:00:00","Hazelnut Latte",2,168000,DEBIT
DOM-VAR-202506-0556,"2025-06-09 16:09:00","Hazelnut Latte",3,97000,QRIS
DOM-VAR-202506-0557,"2025-06-04 21:18:00","Spaghetti Carbonara",2,71000,QRIS
DOM-VAR-202506-0558,"2025-06-04 13:11:00","Kampoeng Fried Rice",2,65000,DEBIT
DOM-VAR-202506-0558,"2025-06-04 13:11:00","Lychee Tea",1,25500,DEBIT
DOM-VAR-202506-0559,"2025-06-11 12:03:00","DOM's Original",1,25500,QRIS
DOM-VAR-202506-0559,"2025-06-11 12:03:00","Chick N' Matah Rice",3,106500,QRIS
DOM-VAR-202506-0560,"2025-06-14 16:24:00","Beef Aglio Olio",3,97000,QRIS
DOM-VAR-202506-0560,"2025-06-14 16:24:00","Beef Aglio Olio",2,65000,QRIS
DOM-VAR-202506-0561,"2025-06-12 10:45:00","Spaghetti Bolognese",1,32500,DEBIT
DOM-VAR-202506-0561,"2025-06-12 10:45:00","Taro Latte With Egg Pudding",2,65000,DEBIT
DOM-VAR-202506-0562,"2025-06-17 11:16:00","Espresso On The Rock",3,76500,DEBIT
DOM-VAR-202506-0563,"2025-06-26 20:04:00","Scottish Latte",2,65000,DEBIT
DOM-VAR-202506-0564,"2025-06-15 17:37:00",Chocolate,1,28000,QRIS
DOM-VAR-202506-0564,"2025-06-15 17:37:00","Choco Loco",1,32500,QRIS
DOM-VAR-202506-0565,"2025-06-04 19:28:00","Violet Kalamansi",2,57000,CASH
DOM-VAR-202506-0565,"2025-06-04 19:28:00","French Fries & Sausage",2,51000,CASH
DOM-VAR-202506-0566,"2025-06-13 14:02:00","Caramel Latte",2,65000,CASH
DOM-VAR-202506-0567,"2025-06-15 16:56:00",Lotus,2,77000,CASH
DOM-VAR-202506-0567,"2025-06-15 16:56:00","Tropical Punch",1,32000,CASH
DOM-VAR-202506-0568,"2025-06-13 18:46:00","Spaghetti Carbonara",1,35500,QRIS
DOM-VAR-202506-0568,"2025-06-13 18:46:00","Spaghetti Bolognese",3,97000,QRIS
DOM-VAR-202506-0569,"2025-06-13 18:05:00","Espresso On The Rock",2,51000,DEBIT
DOM-VAR-202506-0570,"2025-06-19 17:45:00","Scottish Latte",3,97000,CASH
DOM-VAR-202506-0570,"2025-06-19 17:45:00","Espresso On The Rock",2,51000,CASH
DOM-VAR-202506-0571,"2025-06-26 18:20:00","Lychee Tea",1,25500,QRIS
DOM-VAR-202506-0572,"2025-06-05 11:17:00","Bang Nana Yoghurt",2,80000,CASH
DOM-VAR-202506-0573,"2025-06-26 20:47:00","Oriental Fried Rice",2,65000,CASH
DOM-VAR-202506-0574,"2025-06-28 13:14:00","French Fries & Sausage",3,76500,CASH
DOM-VAR-202506-0575,"2025-06-23 19:58:00",Muppet,2,77000,DEBIT
DOM-VAR-202506-0576,"2025-06-19 19:35:00","Taro Latte With Egg Pudding",1,32500,CASH
DOM-VAR-202506-0576,"2025-06-19 19:35:00","Double Shaken Espresso",2,58500,CASH
DOM-VAR-202506-0577,"2025-06-19 09:49:00","Mr. P! Nuts",1,39500,QRIS
DOM-VAR-202506-0578,"2025-06-25 10:34:00","Matcha Green Tea",1,38500,QRIS
DOM-VAR-202506-0578,"2025-06-25 10:34:00","Choco Loco",3,97000,QRIS
DOM-VAR-202506-0579,"2025-06-15 19:03:00","Mr. P! Nuts",3,118000,DEBIT
DOM-VAR-202506-0580,"2025-06-01 19:14:00",Chocolate,2,55500,CASH
DOM-VAR-202506-0581,"2025-06-20 19:25:00","Caramel Latte",2,65000,DEBIT
DOM-VAR-202506-0582,"2025-06-18 17:07:00","Berry Berry Good!",1,38500,CASH
DOM-VAR-202506-0583,"2025-06-23 11:48:00","Cheese Croquette Balls",2,51000,QRIS
DOM-VAR-202506-0583,"2025-06-23 11:48:00","French Fries & Sausage",2,51000,QRIS
DOM-VAR-202506-0584,"2025-06-28 09:14:00","Churro Bites",1,25500,CASH
DOM-VAR-202506-0585,"2025-06-26 14:26:00","Strawberry Tea",2,51000,DEBIT
DOM-VAR-202506-0585,"2025-06-26 14:26:00","Matcha Green Tea",3,115500,DEBIT
DOM-VAR-202506-0586,"2025-06-16 21:16:00","Bloody Mary",2,63500,CASH
DOM-VAR-202506-0586,"2025-06-16 21:16:00","Ham Spaghetti Brulee",1,38500,CASH
DOM-VAR-202506-0587,"2025-06-01 16:45:00","Espresso On The Rock",3,76500,DEBIT
DOM-VAR-202506-0588,"2025-06-05 21:55:00","Cheese Croquette Balls",2,51000,CASH
DOM-VAR-202506-0589,"2025-06-07 21:48:00","Lemon Tea",3,76500,DEBIT
DOM-VAR-202506-0590,"2025-06-25 19:13:00","Scottish Latte",2,65000,CASH
DOM-VAR-202506-0590,"2025-06-25 19:13:00","Matcha Green Tea",1,38500,CASH
DOM-VAR-202506-0591,"2025-06-01 13:59:00","Choco Loco",3,97000,QRIS
DOM-VAR-202506-0591,"2025-06-01 13:59:00","Bang Nana Yoghurt",1,40000,QRIS
DOM-VAR-202506-0592,"2025-06-02 12:59:00","Spaghetti Bolognese",2,65000,QRIS
DOM-VAR-202506-0592,"2025-06-02 12:59:00","Red Velvet",2,57000,QRIS
DOM-VAR-202506-0593,"2025-06-24 21:51:00","Espresso On The Rock",2,51000,QRIS
DOM-VAR-202506-0593,"2025-06-24 21:51:00",Saltovino,1,34000,QRIS
DOM-VAR-202506-0594,"2025-06-08 17:43:00","Strawberry Tea",1,25500,QRIS
DOM-VAR-202506-0595,"2025-06-03 19:37:00","Choco Loco",1,32500,QRIS
DOM-VAR-202506-0595,"2025-06-03 19:37:00","DOM's Original",3,76500,QRIS
DOM-VAR-202506-0596,"2025-06-19 11:37:00","Scottish Latte",2,65000,DEBIT
DOM-VAR-202506-0597,"2025-06-26 09:56:00","Spaghetti Bolognese",1,32500,DEBIT
DOM-VAR-202506-0598,"2025-06-11 17:30:00","Scottish Latte",2,65000,CASH
DOM-VAR-202506-0599,"2025-06-04 18:28:00","Berry Berry Good!",3,115500,DEBIT
DOM-VAR-202506-0600,"2025-06-26 21:54:00","Lemon Tea",1,25500,QRIS
DOM-VAR-202506-0600,"2025-06-26 21:54:00","Chick N' Matah Rice",1,35500,QRIS
DOM-VAR-202506-0601,"2025-06-28 12:50:00","Cheese Croquette Balls",1,25500,DEBIT
DOM-VAR-202506-0601,"2025-06-28 12:50:00","Kampoeng Fried Rice",2,65000,DEBIT
DOM-VAR-202506-0602,"2025-06-13 16:46:00","Hazelnut Latte",2,65000,QRIS
DOM-VAR-202506-0602,"2025-06-13 16:46:00","Al Fresco Nachos",2,60000,QRIS
DOM-VAR-202506-0603,"2025-06-28 09:12:00",Americano,3,60000,QRIS
DOM-VAR-202506-0604,"2025-06-14 20:24:00","DOMS Wings",2,60000,QRIS
DOM-VAR-202506-0605,"2025-06-04 11:27:00","Caramel Latte",1,32500,QRIS
DOM-VAR-202506-0606,"2025-06-10 15:52:00","Caramel Latte",2,65000,DEBIT
DOM-VAR-202506-0606,"2025-06-10 15:52:00","Choco Loco",2,65000,DEBIT
DOM-VAR-202506-0607,"2025-06-02 16:42:00",Americano,3,60000,DEBIT
DOM-VAR-202506-0608,"2025-06-14 13:56:00","Salted Egg Pop Chicken",1,45500,CASH
DOM-VAR-202506-0608,"2025-06-14 13:56:00",Chocolate,3,83500,CASH
DOM-VAR-202506-0609,"2025-06-05 18:53:00","Pisang Gorengnya DOM",1,26500,CASH
DOM-VAR-202506-0609,"2025-06-05 18:53:00","Al Fresco Nachos",2,60000,CASH
DOM-VAR-202506-0610,"2025-06-13 09:13:00","Taro Latte With Egg Pudding",1,32500,QRIS
DOM-VAR-202506-0611,"2025-06-28 18:35:00","Taro Latte With Egg Pudding",2,65000,QRIS
DOM-VAR-202506-0612,"2025-06-08 12:25:00","Roti Bakar",1,20000,QRIS
DOM-VAR-202506-0612,"2025-06-08 12:25:00",Lotus,2,77000,QRIS
DOM-VAR-202506-0613,"2025-06-05 19:19:00","Mayo Karaage Rice",1,40000,QRIS
DOM-VAR-202506-0614,"2025-06-04 20:56:00","Chick N' Matah Rice",3,106500,CASH
DOM-VAR-202506-0614,"2025-06-04 20:56:00",Americano,2,40000,CASH
DOM-VAR-202506-0615,"2025-06-15 17:47:00","Mr. P! Nuts",3,118000,DEBIT
DOM-VAR-202506-0616,"2025-06-25 14:58:00","Choco Loco",2,65000,CASH
DOM-VAR-202506-0616,"2025-06-25 14:58:00","Mr. P! Nuts",3,118000,CASH
DOM-VAR-202506-0617,"2025-06-18 19:58:00","Berry Berry Good!",3,115500,DEBIT
DOM-VAR-202506-0618,"2025-06-16 15:48:00","Sub's Choice",1,35500,QRIS
DOM-VAR-202506-0618,"2025-06-16 15:48:00","Espresso On The Rock",1,25500,QRIS
DOM-VAR-202506-0619,"2025-06-19 12:00:00","Hazelnut Latte",2,65000,QRIS
DOM-VAR-202506-0619,"2025-06-19 12:00:00","French Fries & Sausage",3,76500,QRIS
DOM-VAR-202506-0620,"2025-06-20 20:25:00","Sub's Choice",3,106500,QRIS
DOM-VAR-202506-0621,"2025-06-16 19:28:00","Bloody Mary",2,63500,DEBIT
DOM-VAR-202506-0621,"2025-06-16 19:28:00","Double Shaken Espresso",1,29500,DEBIT
DOM-VAR-202506-0622,"2025-06-28 15:12:00","Double Shaken Espresso",3,88000,QRIS
DOM-VAR-202506-0623,"2025-06-06 13:36:00","Mayo Karaage Rice",2,80000,DEBIT
DOM-VAR-202506-0624,"2025-06-21 19:14:00",Saltovino,3,102000,CASH
DOM-VAR-202506-0625,"2025-06-21 20:12:00","Chick N' Matah Rice",3,106500,DEBIT
DOM-VAR-202506-0626,"2025-06-16 12:54:00","Beef Aglio Olio",1,32500,CASH
DOM-VAR-202506-0626,"2025-06-16 12:54:00","Al Fresco Nachos",1,30000,CASH
DOM-VAR-202506-0627,"2025-06-07 11:45:00","DOM's Original",2,51000,CASH
DOM-VAR-202506-0628,"2025-06-16 18:20:00","Scottish Latte",3,97000,CASH
DOM-VAR-202506-0628,"2025-06-16 18:20:00","Espresso On The Rock",3,76500,CASH
DOM-VAR-202506-0629,"2025-06-23 11:33:00","Ham Spaghetti Brulee",1,38500,QRIS
DOM-VAR-202506-0629,"2025-06-23 11:33:00","Roti Bakar",3,60000,QRIS
DOM-VAR-202506-0630,"2025-06-19 11:11:00",Lotus,2,77000,DEBIT
DOM-VAR-202506-0631,"2025-06-05 17:55:00","Red Velvet",3,85500,QRIS
DOM-VAR-202506-0632,"2025-06-22 12:16:00","Bang Nana Yoghurt",3,120000,DEBIT
DOM-VAR-202506-0632,"2025-06-22 12:16:00","Taro Latte With Egg Pudding",1,32500,DEBIT
DOM-VAR-202506-0633,"2025-06-28 11:22:00",Americano,2,40000,DEBIT
DOM-VAR-202506-0634,"2025-06-11 13:22:00","Salted Caramel Macchiato",2,74000,CASH
DOM-VAR-202506-0635,"2025-06-08 21:03:00","Al Fresco Nachos",1,30000,CASH
DOM-VAR-202506-0635,"2025-06-08 21:03:00","Scottish Latte",1,32500,CASH
DOM-VAR-202506-0636,"2025-06-22 11:44:00","DOMS Wings",2,60000,DEBIT
DOM-VAR-202506-0637,"2025-06-20 20:02:00","Double Shaken Espresso",3,88000,DEBIT
DOM-VAR-202506-0637,"2025-06-20 20:02:00",Saltovino,2,68000,DEBIT
DOM-VAR-202506-0638,"2025-06-04 15:51:00","Mayo Karaage Rice",1,40000,DEBIT
DOM-VAR-202506-0638,"2025-06-04 15:51:00","Taro Latte With Egg Pudding",1,32500,DEBIT
DOM-VAR-202506-0639,"2025-06-12 17:37:00","Hazelnut Latte",2,65000,QRIS
DOM-VAR-202506-0639,"2025-06-12 17:37:00","DOMS Wings",2,60000,QRIS
DOM-VAR-202506-0640,"2025-06-05 20:06:00","Caramel Latte",1,32500,CASH
DOM-VAR-202506-0641,"2025-06-19 12:49:00","Kopi Latte",2,51000,CASH
DOM-VAR-202506-0641,"2025-06-19 12:49:00","Spaghetti Bolognese",3,97000,CASH
DOM-VAR-202506-0642,"2025-06-14 12:15:00","Al Fresco Nachos",3,90000,DEBIT
DOM-VAR-202506-0643,"2025-06-05 17:49:00","Caramel Latte",1,32500,CASH
DOM-VAR-202506-0643,"2025-06-05 17:49:00","Hazelnut Latte",3,97000,CASH
DOM-VAR-202506-0644,"2025-06-23 18:06:00","Kopi Latte",1,25500,DEBIT
DOM-VAR-202506-0644,"2025-06-23 18:06:00","Salted Caramel Macchiato",3,111000,DEBIT
DOM-VAR-202506-0645,"2025-06-19 21:54:00","Scottish Latte",1,32500,QRIS
DOM-VAR-202506-0646,"2025-06-21 18:57:00","Lychee Tea",2,51000,CASH
DOM-VAR-202506-0646,"2025-06-21 18:57:00",Saltovino,2,68000,CASH
DOM-VAR-202506-0647,"2025-06-23 10:02:00","Salted Caramel Macchiato",1,37000,CASH
DOM-VAR-202506-0648,"2025-06-26 09:51:00","Espresso On The Rock",3,76500,CASH
DOM-VAR-202506-0648,"2025-06-26 09:51:00",Saltovino,2,68000,CASH
DOM-VAR-202506-0649,"2025-06-28 10:48:00",Muppet,1,38500,CASH
DOM-VAR-202506-0650,"2025-06-28 17:17:00","Sunset Sangria",3,95000,DEBIT
DOM-VAR-202506-0651,"2025-06-18 12:36:00","Sunset Sangria",2,63500,QRIS
DOM-VAR-202506-0651,"2025-06-18 12:36:00","Salted Egg Pop Chicken",3,136500,QRIS
DOM-VAR-202506-0652,"2025-06-20 17:30:00","Caramel Latte",1,32500,CASH
DOM-VAR-202506-0652,"2025-06-20 17:30:00","DOM's Original",2,51000,CASH
DOM-VAR-202506-0653,"2025-06-17 17:07:00","Churro Bites",1,25500,CASH
DOM-VAR-202506-0653,"2025-06-17 17:07:00","Sunset Sangria",1,32000,CASH
DOM-VAR-202506-0654,"2025-06-02 20:21:00",Saltovino,1,34000,CASH
DOM-VAR-202506-0655,"2025-06-18 15:29:00","Lychee Tea",2,51000,CASH
DOM-VAR-202506-0655,"2025-06-18 15:29:00","Spaghetti Bolognese",2,65000,CASH
DOM-VAR-202506-0656,"2025-06-21 11:11:00","Spaghetti Bolognese",3,97000,DEBIT
DOM-VAR-202506-0657,"2025-06-03 14:55:00","Caramel Latte",1,32500,QRIS
DOM-VAR-202506-0657,"2025-06-03 14:55:00","Pisang Gorengnya DOM",3,78500,QRIS
DOM-VAR-202506-0658,"2025-06-25 13:46:00","French Fries & Sausage",3,76500,DEBIT
DOM-VAR-202506-0658,"2025-06-25 13:46:00","French Fries & Sausage",1,25500,DEBIT
DOM-VAR-202506-0659,"2025-06-27 14:04:00",Saltovino,1,34000,CASH
DOM-VAR-202506-0659,"2025-06-27 14:04:00","Kampoeng Fried Rice",1,32500,CASH
DOM-VAR-202506-0660,"2025-06-25 18:16:00","Spaghetti Carbonara",1,35500,CASH
DOM-VAR-202506-0660,"2025-06-25 18:16:00",Lotus,3,115500,CASH
DOM-VAR-202506-0661,"2025-06-16 13:34:00","French Fries & Sausage",1,25500,CASH
DOM-VAR-202506-0661,"2025-06-16 13:34:00","Ham Spaghetti Brulee",2,77000,CASH
DOM-VAR-202506-0662,"2025-06-22 20:21:00","Mr. P! Nuts",1,39500,DEBIT
DOM-VAR-202506-0662,"2025-06-22 20:21:00","Choco Loco",1,32500,DEBIT
DOM-VAR-202506-0663,"2025-06-04 20:10:00","Double Shaken Espresso",3,88000,DEBIT
DOM-VAR-202506-0663,"2025-06-04 20:10:00","Taro Latte With Egg Pudding",3,97000,DEBIT
DOM-VAR-202506-0664,"2025-06-19 10:04:00","Strawberry Tea",2,51000,CASH
DOM-VAR-202506-0664,"2025-06-19 10:04:00","Bloody Mary",3,95000,CASH
DOM-VAR-202506-0665,"2025-06-11 17:35:00","Pisang Gorengnya DOM",2,52500,CASH
DOM-VAR-202506-0665,"2025-06-11 17:35:00","Strawberry Tea",1,25500,CASH
DOM-VAR-202506-0666,"2025-06-13 21:18:00","Violet Kalamansi",3,85500,CASH
DOM-VAR-202506-0666,"2025-06-13 21:18:00",Saltovino,2,68000,CASH
DOM-VAR-202507-0667,"2025-07-13 09:15:00","Mr. P! Nuts",1,30000,DEBIT
DOM-VAR-202507-0668,"2025-07-15 17:43:00","Espresso On The Rock",1,19500,QRIS
DOM-VAR-202507-0669,"2025-07-18 21:50:00","Bloody Mary",3,72500,CASH
DOM-VAR-202507-0670,"2025-07-17 14:43:00","DOMS Wings",3,69000,CASH
DOM-VAR-202507-0670,"2025-07-17 14:43:00","Caramel Latte",3,74500,CASH
DOM-VAR-202507-0671,"2025-07-13 17:54:00","Bloody Mary",1,24500,QRIS
DOM-VAR-202507-0672,"2025-07-16 10:05:00","Salted Caramel Macchiato",2,56500,QRIS
DOM-VAR-202507-0673,"2025-07-02 19:01:00","Chick N' Matah Rice",2,54500,CASH
DOM-VAR-202507-0673,"2025-07-02 19:01:00",Americano,2,31000,CASH
DOM-VAR-202507-0674,"2025-07-13 16:41:00","Kampoeng Fried Rice",3,74500,CASH
DOM-VAR-202507-0674,"2025-07-13 16:41:00","Taro Latte With Egg Pudding",3,74500,CASH
DOM-VAR-202507-0675,"2025-07-07 16:33:00","Bloody Mary",1,24500,QRIS
DOM-VAR-202507-0675,"2025-07-07 16:33:00","Lemon Tea",3,58500,QRIS
DOM-VAR-202507-0676,"2025-07-14 21:13:00","Strawberry Tea",1,19500,CASH
DOM-VAR-202507-0676,"2025-07-14 21:13:00","Kopi Latte",2,39000,CASH
DOM-VAR-202507-0677,"2025-07-01 10:07:00","Spaghetti Carbonara",1,27500,CASH
DOM-VAR-202507-0677,"2025-07-01 10:07:00","DOMS Wings",3,69000,CASH
DOM-VAR-202507-0678,"2025-07-13 14:58:00","Mayo Karaage Rice",3,92000,CASH
DOM-VAR-202507-0679,"2025-07-25 09:38:00","Salted Egg Pop Chicken",3,104500,QRIS
DOM-VAR-202507-0679,"2025-07-25 09:38:00","French Fries & Sausage",3,58500,QRIS
DOM-VAR-202507-0680,"2025-07-28 18:51:00",Americano,2,31000,CASH
DOM-VAR-202507-0681,"2025-07-26 10:07:00","DOM's Original",2,39000,CASH
DOM-VAR-202507-0682,"2025-07-03 14:31:00","Churro Bites",2,39000,DEBIT
DOM-VAR-202507-0683,"2025-07-26 13:19:00","Bang Nana Yoghurt",2,61500,DEBIT
DOM-VAR-202507-0683,"2025-07-26 13:19:00","DOM's Original",2,39000,DEBIT
DOM-VAR-202507-0684,"2025-07-11 10:45:00","Sunset Sangria",1,24500,DEBIT
DOM-VAR-202507-0685,"2025-07-21 17:04:00",Muppet,2,59000,QRIS
DOM-VAR-202507-0685,"2025-07-21 17:04:00","Tropical Punch",2,48500,QRIS
DOM-VAR-202507-0686,"2025-07-07 13:05:00","Salted Egg Pop Chicken",3,104500,QRIS
DOM-VAR-202507-0686,"2025-07-07 13:05:00","Espresso On The Rock",1,19500,QRIS
DOM-VAR-202507-0687,"2025-07-17 09:29:00","Choco Loco",3,74500,QRIS
DOM-VAR-202507-0687,"2025-07-17 09:29:00","Mr. P! Nuts",3,90000,QRIS
DOM-VAR-202507-0688,"2025-07-01 14:11:00","Lemon Tea",1,19500,DEBIT
DOM-VAR-202507-0688,"2025-07-01 14:11:00","Sub's Choice",3,81500,DEBIT
DOM-VAR-202507-0689,"2025-07-04 18:32:00","Taro Latte With Egg Pudding",3,74500,DEBIT
DOM-VAR-202507-0690,"2025-07-05 10:23:00","Caramel Latte",1,25000,CASH
DOM-VAR-202507-0691,"2025-07-04 12:03:00","Mr. P! Nuts",2,60000,QRIS
DOM-VAR-202507-0692,"2025-07-02 20:36:00","Mayo Karaage Rice",1,31000,DEBIT
DOM-VAR-202507-0693,"2025-07-28 15:38:00","Churro Bites",1,19500,DEBIT
DOM-VAR-202507-0694,"2025-07-13 10:58:00","Bloody Mary",1,24500,DEBIT
DOM-VAR-202507-0694,"2025-07-13 10:58:00","Spaghetti Bolognese",1,25000,DEBIT
DOM-VAR-202507-0695,"2025-07-04 12:58:00","Kopi Latte",3,58500,QRIS
DOM-VAR-202507-0695,"2025-07-04 12:58:00","Kopi Latte",2,39000,QRIS
DOM-VAR-202507-0696,"2025-07-28 16:59:00","Ham Spaghetti Brulee",2,59000,DEBIT
DOM-VAR-202507-0697,"2025-07-26 17:07:00",Chocolate,3,64000,CASH
DOM-VAR-202507-0698,"2025-07-12 18:39:00","Taro Latte With Egg Pudding",1,25000,QRIS
DOM-VAR-202507-0699,"2025-07-13 09:42:00","Double Shaken Espresso",1,22500,DEBIT
DOM-VAR-202507-0699,"2025-07-13 09:42:00","Red Velvet",2,44000,DEBIT
DOM-VAR-202507-0700,"2025-07-06 17:16:00","Choco Loco",2,49500,DEBIT
DOM-VAR-202507-0701,"2025-07-19 18:49:00","Double Shaken Espresso",3,67500,CASH
DOM-VAR-202507-0701,"2025-07-19 18:49:00","Matcha Green Tea",2,59000,CASH
DOM-VAR-202507-0702,"2025-07-17 13:50:00","Hazelnut Latte",2,49500,CASH
DOM-VAR-202507-0702,"2025-07-17 13:50:00","Kampoeng Fried Rice",3,74500,CASH
DOM-VAR-202507-0703,"2025-07-13 15:30:00","Mr. P! Nuts",2,60000,QRIS
DOM-VAR-202507-0703,"2025-07-13 15:30:00","Choco Loco",3,74500,QRIS
DOM-VAR-202507-0704,"2025-07-07 12:25:00","Cheese Croquette Balls",1,19500,QRIS
DOM-VAR-202507-0704,"2025-07-07 12:25:00","Scottish Latte",2,49500,QRIS
DOM-VAR-202507-0705,"2025-07-20 15:51:00","Lemon Tea",1,19500,CASH
DOM-VAR-202507-0705,"2025-07-20 15:51:00","Sunset Sangria",3,72500,CASH
DOM-VAR-202507-0706,"2025-07-08 11:35:00","Cheese Croquette Balls",2,39000,QRIS
DOM-VAR-202507-0706,"2025-07-08 11:35:00","Oriental Fried Rice",1,25000,QRIS
DOM-VAR-202507-0707,"2025-07-07 09:44:00","Beef Aglio Olio",1,25000,CASH
DOM-VAR-202507-0708,"2025-07-18 20:00:00","Espresso On The Rock",3,58500,QRIS
DOM-VAR-202507-0709,"2025-07-05 16:26:00","Matcha Green Tea",2,59000,QRIS
DOM-VAR-202507-0709,"2025-07-05 16:26:00","Candy Cane",1,30000,QRIS
DOM-VAR-202507-0710,"2025-07-01 11:11:00","Roti Bakar",1,15500,DEBIT
DOM-VAR-202507-0710,"2025-07-01 11:11:00","Roti Bakar",3,46000,DEBIT
DOM-VAR-202507-0711,"2025-07-24 18:10:00","DOM's Original",3,58500,CASH
DOM-VAR-202507-0712,"2025-07-04 10:13:00",Lotus,2,59000,CASH
DOM-VAR-202507-0713,"2025-07-17 12:55:00","Scottish Latte",3,74500,DEBIT
DOM-VAR-202507-0714,"2025-07-11 17:10:00","Taro Latte With Egg Pudding",2,49500,QRIS
DOM-VAR-202507-0714,"2025-07-11 17:10:00","Choco Loco",3,74500,QRIS
DOM-VAR-202507-0715,"2025-07-28 09:00:00","Spaghetti Carbonara",1,27500,QRIS
DOM-VAR-202507-0716,"2025-07-11 18:48:00","Caramel Latte",2,49500,DEBIT
DOM-VAR-202507-0717,"2025-07-15 14:44:00",Chocolate,2,42500,CASH
DOM-VAR-202507-0718,"2025-07-09 21:03:00",Lotus,3,88500,QRIS
DOM-VAR-202507-0719,"2025-07-04 15:09:00","Roti Bakar",3,46000,QRIS
DOM-VAR-202507-0719,"2025-07-04 15:09:00","Salted Egg Pop Chicken",1,35000,QRIS
DOM-VAR-202507-0720,"2025-07-06 13:52:00","Candy Cane",1,30000,QRIS
DOM-VAR-202507-0720,"2025-07-06 13:52:00","DOMS Wings",2,46000,QRIS
DOM-VAR-202507-0721,"2025-07-06 10:17:00","Matcha Green Tea",2,59000,DEBIT
DOM-VAR-202507-0721,"2025-07-06 10:17:00","Hazelnut Latte",2,49500,DEBIT
DOM-VAR-202507-0722,"2025-07-17 10:01:00","Lemon Tea",3,58500,DEBIT
DOM-VAR-202507-0722,"2025-07-17 10:01:00","Taro Latte With Egg Pudding",2,49500,DEBIT
DOM-VAR-202507-0723,"2025-07-05 16:34:00","Lemon Tea",3,58500,DEBIT
DOM-VAR-202507-0724,"2025-07-22 15:30:00","Lychee Tea",2,39000,CASH
DOM-VAR-202507-0724,"2025-07-22 15:30:00","Kampoeng Fried Rice",2,49500,CASH
DOM-VAR-202507-0725,"2025-07-10 18:11:00","Red Velvet",1,22000,DEBIT
DOM-VAR-202507-0726,"2025-07-18 21:00:00","Berry Berry Good!",1,29500,CASH
DOM-VAR-202507-0727,"2025-07-18 16:48:00","Berry Berry Good!",1,29500,DEBIT
DOM-VAR-202507-0728,"2025-07-16 14:22:00",Chocolate,3,64000,QRIS
DOM-VAR-202507-0728,"2025-07-16 14:22:00","Berry Berry Good!",2,59000,QRIS
DOM-VAR-202507-0729,"2025-07-03 16:23:00","Bloody Mary",1,24500,CASH
DOM-VAR-202507-0730,"2025-07-03 16:31:00","Scottish Latte",3,74500,QRIS
DOM-VAR-202507-0731,"2025-07-13 20:45:00","Double Shaken Espresso",3,67500,DEBIT
DOM-VAR-202507-0731,"2025-07-13 20:45:00","Taro Latte With Egg Pudding",2,49500,DEBIT
DOM-VAR-202507-0732,"2025-07-22 20:05:00","Kampoeng Fried Rice",1,25000,QRIS
DOM-VAR-202507-0732,"2025-07-22 20:05:00","DOMS Wings",2,46000,QRIS
DOM-VAR-202507-0733,"2025-07-12 20:56:00","Hazelnut Latte",1,25000,DEBIT
DOM-VAR-202507-0733,"2025-07-12 20:56:00","Taro Latte With Egg Pudding",1,25000,DEBIT
DOM-VAR-202507-0734,"2025-07-08 11:37:00","Salted Caramel Macchiato",3,85000,DEBIT
DOM-VAR-202507-0735,"2025-07-17 12:25:00","Sunset Sangria",3,72500,CASH
DOM-VAR-202507-0736,"2025-07-28 13:49:00","Beef Aglio Olio",3,74500,QRIS
DOM-VAR-202507-0736,"2025-07-28 13:49:00","Hazelnut Latte",2,49500,QRIS
DOM-VAR-202507-0737,"2025-07-17 09:16:00","Red Velvet",3,65500,QRIS
DOM-VAR-202507-0738,"2025-07-14 16:54:00",Chocolate,3,64000,DEBIT
DOM-VAR-202507-0739,"2025-07-01 13:31:00","Salted Egg Pop Chicken",3,104500,CASH
DOM-VAR-202507-0739,"2025-07-01 13:31:00","Violet Kalamansi",3,65500,CASH
DOM-VAR-202507-0740,"2025-07-27 10:13:00","Pisang Gorengnya DOM",1,20000,QRIS
DOM-VAR-202507-0741,"2025-07-20 14:15:00","Mr. P! Nuts",1,30000,DEBIT
DOM-VAR-202507-0742,"2025-07-06 20:10:00","Spaghetti Bolognese",3,74500,CASH
DOM-VAR-202507-0742,"2025-07-06 20:10:00","Mr. P! Nuts",3,90000,CASH
DOM-VAR-202507-0743,"2025-07-28 17:15:00","Taro Latte With Egg Pudding",3,74500,DEBIT
DOM-VAR-202507-0744,"2025-07-08 19:45:00","Lemon Tea",1,19500,CASH
DOM-VAR-202507-0745,"2025-07-22 15:52:00","Chick N' Matah Rice",2,54500,CASH
DOM-VAR-202507-0746,"2025-07-04 09:42:00","French Fries & Sausage",2,39000,DEBIT
DOM-VAR-202507-0747,"2025-07-28 12:01:00","Mr. P! Nuts",1,30000,DEBIT
DOM-VAR-202507-0747,"2025-07-28 12:01:00","Lemon Tea",2,39000,DEBIT
DOM-VAR-202507-0748,"2025-07-09 10:37:00","Double Shaken Espresso",1,22500,QRIS
DOM-VAR-202507-0749,"2025-07-20 10:25:00",Saltovino,1,26000,DEBIT
DOM-VAR-202507-0749,"2025-07-20 10:25:00","Salted Caramel Macchiato",3,85000,DEBIT
DOM-VAR-202507-0750,"2025-07-24 15:24:00","Beef Aglio Olio",2,49500,QRIS
DOM-VAR-202507-0751,"2025-07-21 16:02:00","Salted Egg Pop Chicken",2,69500,DEBIT
DOM-VAR-202507-0752,"2025-07-01 16:24:00","Espresso On The Rock",1,19500,QRIS
DOM-VAR-202507-0752,"2025-07-01 16:24:00","Candy Cane",2,60000,QRIS
DOM-VAR-202507-0753,"2025-07-07 21:48:00","Candy Cane",2,60000,CASH
DOM-VAR-202507-0754,"2025-07-10 19:11:00","Double Shaken Espresso",2,45000,DEBIT
DOM-VAR-202507-0754,"2025-07-10 19:11:00","Double Shaken Espresso",3,67500,DEBIT
DOM-VAR-202507-0755,"2025-07-24 15:46:00","Choco Loco",3,74500,QRIS
DOM-VAR-202507-0755,"2025-07-24 15:46:00",Americano,2,31000,QRIS
DOM-VAR-202507-0756,"2025-07-04 18:38:00","Mayo Karaage Rice",3,92000,DEBIT
DOM-VAR-202507-0756,"2025-07-04 18:38:00","Tropical Punch",1,24500,DEBIT
DOM-VAR-202507-0757,"2025-07-04 19:23:00",Saltovino,3,78000,CASH
DOM-VAR-202507-0758,"2025-07-16 20:22:00","Beef Aglio Olio",3,74500,DEBIT
DOM-VAR-202507-0758,"2025-07-16 20:22:00","Bang Nana Yoghurt",2,61500,DEBIT
DOM-VAR-202507-0759,"2025-07-15 09:44:00","Roti Bakar",3,46000,CASH
DOM-VAR-202507-0760,"2025-07-04 18:04:00","Taro Latte With Egg Pudding",3,74500,QRIS
DOM-VAR-202507-0761,"2025-07-22 11:00:00","Lychee Tea",3,58500,QRIS
DOM-VAR-202507-0762,"2025-07-18 17:21:00",Lotus,3,88500,DEBIT
DOM-VAR-202507-0763,"2025-07-01 12:48:00","Red Velvet",2,44000,DEBIT
DOM-VAR-202507-0764,"2025-07-19 15:58:00","Cheese Croquette Balls",1,19500,CASH
DOM-VAR-202507-0765,"2025-07-28 09:26:00",Chocolate,2,42500,CASH
DOM-VAR-202507-0765,"2025-07-28 09:26:00","Salted Caramel Macchiato",3,85000,CASH
DOM-VAR-202507-0766,"2025-07-07 10:04:00","Spaghetti Carbonara",3,81500,QRIS
DOM-VAR-202507-0767,"2025-07-03 09:59:00","Spaghetti Carbonara",2,54500,CASH
DOM-VAR-202507-0768,"2025-07-14 12:49:00",Americano,3,46000,QRIS
DOM-VAR-202507-0768,"2025-07-14 12:49:00","Kampoeng Fried Rice",3,74500,QRIS
DOM-VAR-202507-0769,"2025-07-09 11:16:00","Oriental Fried Rice",2,49500,DEBIT
DOM-VAR-202507-0770,"2025-07-19 09:23:00","Choco Loco",1,25000,QRIS
DOM-VAR-202507-0770,"2025-07-19 09:23:00","Matcha Green Tea",2,59000,QRIS
DOM-VAR-202507-0771,"2025-07-10 20:30:00","Beef Aglio Olio",3,74500,CASH
DOM-VAR-202507-0771,"2025-07-10 20:30:00","Spaghetti Bolognese",1,25000,CASH
DOM-VAR-202507-0772,"2025-07-10 14:36:00","DOM's Original",3,58500,CASH
DOM-VAR-202507-0772,"2025-07-10 14:36:00","Hazelnut Latte",3,74500,CASH
DOM-VAR-202507-0773,"2025-07-21 12:16:00","Hazelnut Latte",1,25000,DEBIT
DOM-VAR-202507-0774,"2025-07-21 17:28:00","Red Velvet",3,65500,CASH
DOM-VAR-202507-0774,"2025-07-21 17:28:00","Violet Kalamansi",2,44000,CASH
DOM-VAR-202507-0775,"2025-07-05 21:15:00","Choco Loco",3,74500,DEBIT
DOM-VAR-202507-0775,"2025-07-05 21:15:00","Kopi Latte",1,19500,DEBIT
DOM-VAR-202507-0776,"2025-07-23 21:32:00","Salted Caramel Macchiato",1,28500,CASH
DOM-VAR-202507-0776,"2025-07-23 21:32:00","Hazelnut Latte",3,74500,CASH
DOM-VAR-202507-0777,"2025-07-20 21:04:00",Chocolate,1,21500,DEBIT
DOM-VAR-202508-0778,"2025-08-05 15:44:00","Hazelnut Latte",3,252000,CASH
DOM-VAR-202508-0778,"2025-08-05 15:44:00","Ham Spaghetti Brulee",3,300000,CASH
DOM-VAR-202508-0779,"2025-08-06 15:36:00","Spaghetti Carbonara",2,184000,DEBIT
DOM-VAR-202508-0780,"2025-08-03 17:33:00","Double Shaken Espresso",1,76000,QRIS
DOM-VAR-202508-0781,"2025-08-14 14:29:00","Churro Bites",1,66000,QRIS
DOM-VAR-202508-0782,"2025-08-15 20:38:00","DOMS Wings",1,78000,CASH
DOM-VAR-202508-0783,"2025-08-25 16:44:00","Al Fresco Nachos",1,78000,CASH
DOM-VAR-202508-0783,"2025-08-25 16:44:00","Bang Nana Yoghurt",3,312000,CASH
DOM-VAR-202508-0784,"2025-08-01 21:09:00","Caramel Latte",3,252000,DEBIT
DOM-VAR-202508-0784,"2025-08-01 21:09:00","Lemon Tea",1,66000,DEBIT
DOM-VAR-202508-0785,"2025-08-24 19:49:00","Beef Aglio Olio",2,168000,QRIS
DOM-VAR-202508-0786,"2025-08-06 17:36:00","Cheese Croquette Balls",2,132000,DEBIT
DOM-VAR-202508-0787,"2025-08-02 18:39:00","Spaghetti Bolognese",3,252000,DEBIT
DOM-VAR-202508-0788,"2025-08-03 09:13:00","Spaghetti Carbonara",2,184000,QRIS
DOM-VAR-202508-0789,"2025-08-03 21:52:00","Candy Cane",3,306000,QRIS
DOM-VAR-202508-0789,"2025-08-03 21:52:00","DOMS Wings",2,156000,QRIS
DOM-VAR-202508-0790,"2025-08-04 16:11:00","DOMS Wings",1,78000,QRIS
DOM-VAR-202508-0790,"2025-08-04 16:11:00","Salted Caramel Macchiato",1,96000,QRIS
DOM-VAR-202508-0791,"2025-08-27 14:20:00","Bang Nana Yoghurt",2,208000,CASH
DOM-VAR-202508-0792,"2025-08-06 17:07:00",Lotus,1,100000,DEBIT
DOM-VAR-202508-0792,"2025-08-06 17:07:00",Lotus,2,200000,DEBIT
DOM-VAR-202508-0793,"2025-08-18 14:41:00","DOMS Wings",2,156000,QRIS
DOM-VAR-202508-0793,"2025-08-18 14:41:00","Hazelnut Latte",3,252000,QRIS
DOM-VAR-202508-0794,"2025-08-19 13:23:00",Lotus,2,200000,QRIS
DOM-VAR-202508-0795,"2025-08-20 17:56:00","Mayo Karaage Rice",2,208000,DEBIT
DOM-VAR-202508-0796,"2025-08-23 18:28:00","Cheese Croquette Balls",3,198000,QRIS
DOM-VAR-202508-0796,"2025-08-23 18:28:00","Kopi Latte",2,132000,QRIS
DOM-VAR-202508-0797,"2025-08-23 21:14:00",Muppet,1,100000,DEBIT
DOM-VAR-202508-0797,"2025-08-23 21:14:00","Spaghetti Carbonara",2,184000,DEBIT
DOM-VAR-202508-0798,"2025-08-13 18:18:00","Lemon Tea",1,66000,QRIS
DOM-VAR-202508-0798,"2025-08-13 18:18:00","Chick N' Matah Rice",2,184000,QRIS
DOM-VAR-202508-0799,"2025-08-19 11:24:00","Red Velvet",1,74000,DEBIT
DOM-VAR-202508-0800,"2025-08-03 11:51:00","Roti Bakar",3,156000,DEBIT
DOM-VAR-202508-0801,"2025-08-08 18:33:00","Cheese Croquette Balls",2,132000,QRIS
DOM-VAR-202508-0802,"2025-08-01 16:45:00",Muppet,2,200000,DEBIT
DOM-VAR-202508-0802,"2025-08-01 16:45:00","Choco Loco",1,84000,DEBIT
DOM-VAR-202508-0803,"2025-08-21 19:19:00","Scottish Latte",2,168000,QRIS
DOM-VAR-202508-0804,"2025-08-18 19:11:00","Beef Aglio Olio",3,252000,CASH
DOM-VAR-202508-0805,"2025-08-15 16:12:00","Espresso On The Rock",3,198000,CASH
DOM-VAR-202508-0806,"2025-08-16 21:15:00","Double Shaken Espresso",1,76000,CASH
DOM-VAR-202508-0806,"2025-08-16 21:15:00","Oriental Fried Rice",2,168000,CASH
DOM-VAR-202508-0807,"2025-08-20 13:57:00","Lemon Tea",3,198000,QRIS
DOM-VAR-202508-0808,"2025-08-18 10:43:00","Churro Bites",3,198000,CASH
DOM-VAR-202508-0808,"2025-08-18 10:43:00","Double Shaken Espresso",1,76000,CASH
DOM-VAR-202508-0809,"2025-08-04 17:36:00","Spaghetti Carbonara",3,276000,CASH
DOM-VAR-202508-0810,"2025-08-11 09:19:00","Choco Loco",2,168000,QRIS
DOM-VAR-202508-0811,"2025-08-06 20:59:00",Lotus,1,100000,CASH
DOM-VAR-202508-0811,"2025-08-06 20:59:00","Ham Spaghetti Brulee",1,100000,CASH
DOM-VAR-202508-0812,"2025-08-08 10:56:00","Oriental Fried Rice",1,84000,CASH
DOM-VAR-202508-0813,"2025-08-10 09:02:00","Sub's Choice",3,276000,CASH
DOM-VAR-202508-0814,"2025-08-05 14:12:00",Lotus,3,300000,CASH
DOM-VAR-202508-0814,"2025-08-05 14:12:00","Sub's Choice",3,276000,CASH
DOM-VAR-202508-0815,"2025-08-07 21:26:00","Bang Nana Yoghurt",3,312000,DEBIT
DOM-VAR-202508-0816,"2025-08-17 10:56:00","Berry Berry Good!",2,200000,CASH
DOM-VAR-202508-0817,"2025-08-03 21:03:00","DOM's Original",2,132000,DEBIT
DOM-VAR-202508-0818,"2025-08-27 20:02:00","Pisang Gorengnya DOM",3,204000,QRIS
DOM-VAR-202508-0819,"2025-08-14 11:31:00","Lemon Tea",2,132000,DEBIT
DOM-VAR-202508-0819,"2025-08-14 11:31:00","Al Fresco Nachos",1,78000,DEBIT
DOM-VAR-202508-0820,"2025-08-20 10:25:00","Sub's Choice",2,184000,DEBIT
DOM-VAR-202508-0821,"2025-08-11 15:32:00","Sunset Sangria",1,82000,DEBIT
DOM-VAR-202508-0822,"2025-08-15 17:33:00","Kopi Latte",2,132000,QRIS
DOM-VAR-202508-0822,"2025-08-15 17:33:00","Cheese Croquette Balls",2,132000,QRIS
DOM-VAR-202508-0823,"2025-08-03 12:44:00","Hazelnut Latte",3,252000,CASH
DOM-VAR-202508-0824,"2025-08-17 13:32:00","Kopi Latte",2,132000,CASH
DOM-VAR-202508-0825,"2025-08-07 18:49:00","Taro Latte With Egg Pudding",1,84000,QRIS
DOM-VAR-202508-0825,"2025-08-07 18:49:00","Lemon Tea",2,132000,QRIS
DOM-VAR-202508-0826,"2025-08-09 19:58:00","Double Shaken Espresso",1,76000,DEBIT
DOM-VAR-202508-0826,"2025-08-09 19:58:00","Salted Caramel Macchiato",1,96000,DEBIT
DOM-VAR-202508-0827,"2025-08-06 15:13:00","Ham Spaghetti Brulee",2,200000,QRIS
DOM-VAR-202508-0827,"2025-08-06 15:13:00",Lotus,3,300000,QRIS
DOM-VAR-202508-0828,"2025-08-13 09:33:00","Matcha Green Tea",2,200000,CASH
DOM-VAR-202508-0829,"2025-08-17 20:26:00","Strawberry Tea",3,198000,QRIS
DOM-VAR-202508-0830,"2025-08-02 18:32:00","Double Shaken Espresso",3,228000,CASH
DOM-VAR-202508-0830,"2025-08-02 18:32:00","Lychee Tea",3,198000,CASH
DOM-VAR-202508-0831,"2025-08-01 21:05:00",Lotus,1,100000,DEBIT
DOM-VAR-202508-0831,"2025-08-01 21:05:00","Salted Caramel Macchiato",3,288000,DEBIT
DOM-VAR-202508-0832,"2025-08-27 13:21:00","Bloody Mary",2,164000,CASH
DOM-VAR-202508-0832,"2025-08-27 13:21:00","Candy Cane",2,204000,CASH
DOM-VAR-202508-0833,"2025-08-04 10:02:00","Salted Caramel Macchiato",1,96000,QRIS
DOM-VAR-202508-0833,"2025-08-04 10:02:00","French Fries & Sausage",3,198000,QRIS
DOM-VAR-202508-0834,"2025-08-12 17:06:00","Kampoeng Fried Rice",1,84000,DEBIT
DOM-VAR-202508-0835,"2025-08-11 11:18:00","Violet Kalamansi",2,148000,QRIS
DOM-VAR-202508-0835,"2025-08-11 11:18:00","Sunset Sangria",3,246000,QRIS
DOM-VAR-202508-0836,"2025-08-15 17:21:00","Ham Spaghetti Brulee",3,300000,DEBIT
DOM-VAR-202508-0836,"2025-08-15 17:21:00","Hazelnut Latte",1,84000,DEBIT
DOM-VAR-202508-0837,"2025-08-03 12:13:00","Kopi Latte",1,66000,CASH
DOM-VAR-202508-0837,"2025-08-03 12:13:00","Scottish Latte",2,168000,CASH
DOM-VAR-202508-0838,"2025-08-26 10:00:00","Double Shaken Espresso",1,76000,CASH
DOM-VAR-202508-0838,"2025-08-26 10:00:00","Hazelnut Latte",2,168000,CASH
DOM-VAR-202508-0839,"2025-08-01 17:37:00","Double Shaken Espresso",1,76000,DEBIT
DOM-VAR-202508-0840,"2025-08-11 20:51:00","Taro Latte With Egg Pudding",2,168000,DEBIT
DOM-VAR-202508-0841,"2025-08-10 18:41:00","Strawberry Tea",2,132000,QRIS
DOM-VAR-202508-0842,"2025-08-08 09:27:00","DOM's Original",1,66000,DEBIT
DOM-VAR-202508-0842,"2025-08-08 09:27:00","Tropical Punch",3,246000,DEBIT
DOM-VAR-202508-0843,"2025-08-12 20:29:00","Kampoeng Fried Rice",3,252000,QRIS
DOM-VAR-202508-0843,"2025-08-12 20:29:00","Salted Egg Pop Chicken",3,354000,QRIS
DOM-VAR-202508-0844,"2025-08-27 21:38:00","Kopi Latte",2,132000,QRIS
DOM-VAR-202508-0845,"2025-08-09 20:09:00","Mayo Karaage Rice",3,312000,QRIS
DOM-VAR-202508-0845,"2025-08-09 20:09:00","Double Shaken Espresso",1,76000,QRIS
DOM-VAR-202508-0846,"2025-08-05 21:19:00","Spaghetti Carbonara",2,184000,DEBIT
DOM-VAR-202508-0846,"2025-08-05 21:19:00","Candy Cane",3,306000,DEBIT
DOM-VAR-202508-0847,"2025-08-12 14:48:00","Caramel Latte",1,84000,CASH
DOM-VAR-202508-0848,"2025-08-04 18:19:00","Choco Loco",2,168000,QRIS
DOM-VAR-202508-0849,"2025-08-10 12:23:00",Lotus,1,100000,DEBIT
DOM-VAR-202508-0849,"2025-08-10 12:23:00","Double Shaken Espresso",1,76000,DEBIT
DOM-VAR-202508-0850,"2025-08-03 16:25:00",Saltovino,2,176000,QRIS
DOM-VAR-202508-0850,"2025-08-03 16:25:00","Mr. P! Nuts",1,102000,QRIS
DOM-VAR-202508-0851,"2025-08-01 21:07:00","Cheese Croquette Balls",2,132000,CASH
DOM-VAR-202508-0852,"2025-08-10 18:30:00","Caramel Latte",2,168000,DEBIT
DOM-VAR-202508-0853,"2025-08-20 20:51:00","Bloody Mary",1,82000,CASH
DOM-VAR-202508-0854,"2025-08-16 10:25:00","Salted Caramel Macchiato",2,192000,QRIS
DOM-VAR-202508-0854,"2025-08-16 10:25:00","Scottish Latte",1,84000,QRIS
DOM-VAR-202508-0855,"2025-08-07 11:56:00","Caramel Latte",3,252000,CASH
DOM-VAR-202508-0856,"2025-08-17 18:41:00","Sunset Sangria",3,246000,CASH
DOM-VAR-202508-0856,"2025-08-17 18:41:00","Kampoeng Fried Rice",1,84000,CASH
DOM-VAR-202508-0857,"2025-08-21 18:10:00","Roti Bakar",1,52000,QRIS
DOM-VAR-202508-0857,"2025-08-21 18:10:00","Oriental Fried Rice",1,84000,QRIS
DOM-VAR-202508-0858,"2025-08-11 18:42:00","Tropical Punch",3,246000,CASH
DOM-VAR-202508-0858,"2025-08-11 18:42:00","Mr. P! Nuts",2,204000,CASH
DOM-VAR-202508-0859,"2025-08-18 17:35:00","DOM's Original",1,66000,CASH
DOM-VAR-202508-0860,"2025-08-18 09:11:00","Al Fresco Nachos",1,78000,QRIS
DOM-VAR-202508-0860,"2025-08-18 09:11:00","Al Fresco Nachos",1,78000,QRIS
DOM-VAR-202508-0861,"2025-08-05 10:53:00","Matcha Green Tea",2,200000,QRIS
DOM-VAR-202508-0861,"2025-08-05 10:53:00","Caramel Latte",1,84000,QRIS
DOM-VAR-202508-0862,"2025-08-27 12:41:00","Red Velvet",2,148000,DEBIT
DOM-VAR-202508-0862,"2025-08-27 12:41:00",Saltovino,1,88000,DEBIT
DOM-VAR-202508-0863,"2025-08-01 17:05:00","Oriental Fried Rice",1,84000,QRIS
DOM-VAR-202508-0864,"2025-08-03 20:18:00","Spaghetti Carbonara",1,92000,CASH
DOM-VAR-202508-0865,"2025-08-27 11:44:00","Ham Spaghetti Brulee",1,100000,QRIS
DOM-VAR-202508-0865,"2025-08-27 11:44:00","Cheese Croquette Balls",3,198000,QRIS
DOM-VAR-202508-0866,"2025-08-22 09:02:00","DOMS Wings",3,234000,DEBIT
DOM-VAR-202508-0866,"2025-08-22 09:02:00","Al Fresco Nachos",3,234000,DEBIT
DOM-VAR-202508-0867,"2025-08-11 17:33:00","Berry Berry Good!",2,200000,CASH
DOM-VAR-202508-0868,"2025-08-18 16:40:00","Churro Bites",3,198000,CASH
DOM-VAR-202508-0868,"2025-08-18 16:40:00","Cheese Croquette Balls",3,198000,CASH
DOM-VAR-202508-0869,"2025-08-06 14:07:00","Matcha Green Tea",2,200000,CASH
DOM-VAR-202508-0869,"2025-08-06 14:07:00","French Fries & Sausage",2,132000,CASH
DOM-VAR-202508-0870,"2025-08-24 13:45:00","Sunset Sangria",1,82000,QRIS
DOM-VAR-202508-0871,"2025-08-28 15:45:00","Chick N' Matah Rice",2,184000,QRIS
DOM-VAR-202508-0872,"2025-08-27 11:55:00","Chick N' Matah Rice",3,276000,QRIS
DOM-VAR-202508-0873,"2025-08-16 17:33:00","Caramel Latte",2,168000,QRIS
DOM-VAR-202508-0874,"2025-08-08 19:03:00","Taro Latte With Egg Pudding",2,168000,CASH
DOM-VAR-202508-0874,"2025-08-08 19:03:00",Chocolate,3,216000,CASH
DOM-VAR-202508-0875,"2025-08-25 21:38:00","Hazelnut Latte",3,252000,CASH
DOM-VAR-202508-0875,"2025-08-25 21:38:00","Cheese Croquette Balls",3,198000,CASH
DOM-VAR-202508-0876,"2025-08-23 10:36:00",Lotus,2,200000,QRIS
DOM-VAR-202508-0877,"2025-08-10 16:14:00","Red Velvet",2,148000,CASH
DOM-VAR-202508-0877,"2025-08-10 16:14:00","Matcha Green Tea",3,300000,CASH
DOM-VAR-202508-0878,"2025-08-12 15:16:00","Salted Caramel Macchiato",1,96000,QRIS
DOM-VAR-202508-0879,"2025-08-18 12:21:00","Sunset Sangria",2,164000,CASH
DOM-VAR-202508-0879,"2025-08-18 12:21:00","Salted Caramel Macchiato",3,288000,CASH
DOM-VAR-202508-0880,"2025-08-23 19:52:00","Kopi Latte",1,66000,DEBIT
DOM-VAR-202508-0880,"2025-08-23 19:52:00",Saltovino,3,264000,DEBIT
DOM-VAR-202508-0881,"2025-08-08 09:51:00",Chocolate,1,72000,DEBIT
DOM-VAR-202508-0882,"2025-08-24 13:19:00","Kampoeng Fried Rice",1,84000,QRIS
DOM-VAR-202508-0883,"2025-08-15 14:24:00","Red Velvet",2,148000,CASH
DOM-VAR-202508-0884,"2025-08-16 10:03:00","Lemon Tea",1,66000,QRIS
DOM-VAR-202508-0885,"2025-08-08 16:21:00","Taro Latte With Egg Pudding",3,252000,CASH
DOM-VAR-202508-0885,"2025-08-08 16:21:00","Scottish Latte",2,168000,CASH
DOM-VAR-202508-0886,"2025-08-17 19:33:00",Lotus,1,100000,DEBIT
DOM-VAR-202508-0886,"2025-08-17 19:33:00","Mr. P! Nuts",1,102000,DEBIT
DOM-VAR-202508-0887,"2025-08-24 16:38:00","Kopi Latte",2,132000,CASH
DOM-VAR-202508-0888,"2025-08-10 16:00:00","Hazelnut Latte",1,84000,CASH
DOM-VAR-202509-0889,"2025-09-17 19:33:00","Kampoeng Fried Rice",1,32500,DEBIT
DOM-VAR-202509-0889,"2025-09-17 19:33:00","Candy Cane",1,39500,DEBIT
DOM-VAR-202509-0890,"2025-09-21 19:54:00","Bloody Mary",2,63500,DEBIT
DOM-VAR-202509-0890,"2025-09-21 19:54:00",Lotus,2,77000,DEBIT
DOM-VAR-202509-0891,"2025-09-27 09:20:00","Oriental Fried Rice",3,97000,DEBIT
DOM-VAR-202509-0892,"2025-09-20 19:44:00","Spaghetti Carbonara",3,106500,CASH
DOM-VAR-202509-0892,"2025-09-20 19:44:00","Mayo Karaage Rice",3,120000,CASH
DOM-VAR-202509-0893,"2025-09-03 12:45:00","Roti Bakar",2,40000,CASH
DOM-VAR-202509-0894,"2025-09-10 21:45:00","Kampoeng Fried Rice",1,32500,QRIS
DOM-VAR-202509-0894,"2025-09-10 21:45:00","Mayo Karaage Rice",2,80000,QRIS
DOM-VAR-202509-0895,"2025-09-03 13:33:00","Double Shaken Espresso",3,88000,DEBIT
DOM-VAR-202509-0895,"2025-09-03 13:33:00","Ham Spaghetti Brulee",1,38500,DEBIT
DOM-VAR-202509-0896,"2025-09-13 12:24:00","Espresso On The Rock",1,25500,CASH
DOM-VAR-202509-0896,"2025-09-13 12:24:00","Roti Bakar",1,20000,CASH
DOM-VAR-202509-0897,"2025-09-19 12:08:00","Matcha Green Tea",2,77000,CASH
DOM-VAR-202509-0897,"2025-09-19 12:08:00","DOMS Wings",2,60000,CASH
DOM-VAR-202509-0898,"2025-09-22 14:39:00","Oriental Fried Rice",1,32500,QRIS
DOM-VAR-202509-0898,"2025-09-22 14:39:00","Lychee Tea",3,76500,QRIS
DOM-VAR-202509-0899,"2025-09-20 16:07:00","Matcha Green Tea",1,38500,DEBIT
DOM-VAR-202509-0900,"2025-09-13 15:57:00",Lotus,3,115500,DEBIT
DOM-VAR-202509-0901,"2025-09-20 19:12:00","Choco Loco",2,65000,CASH
DOM-VAR-202509-0902,"2025-09-13 10:50:00","Salted Egg Pop Chicken",3,136500,CASH
DOM-VAR-202509-0902,"2025-09-13 10:50:00","Bloody Mary",3,95000,CASH
DOM-VAR-202509-0903,"2025-09-19 19:36:00","Violet Kalamansi",1,28500,DEBIT
DOM-VAR-202509-0903,"2025-09-19 19:36:00","Chick N' Matah Rice",3,106500,DEBIT
DOM-VAR-202509-0904,"2025-09-19 13:46:00","Mayo Karaage Rice",3,120000,DEBIT
DOM-VAR-202509-0904,"2025-09-19 13:46:00","Pisang Gorengnya DOM",1,26500,DEBIT
DOM-VAR-202509-0905,"2025-09-07 13:49:00","Violet Kalamansi",3,85500,DEBIT
DOM-VAR-202509-0906,"2025-09-12 21:51:00","Roti Bakar",1,20000,DEBIT
DOM-VAR-202509-0907,"2025-09-21 16:12:00","DOM's Original",3,76500,QRIS
DOM-VAR-202509-0908,"2025-09-25 19:21:00",Americano,2,40000,DEBIT
DOM-VAR-202509-0909,"2025-09-14 21:38:00","Scottish Latte",3,97000,CASH
DOM-VAR-202509-0909,"2025-09-14 21:38:00",Americano,1,20000,CASH
DOM-VAR-202509-0910,"2025-09-20 11:09:00","Chick N' Matah Rice",2,71000,DEBIT
DOM-VAR-202509-0911,"2025-09-11 21:57:00","Strawberry Tea",1,25500,CASH
DOM-VAR-202509-0912,"2025-09-25 09:34:00","French Fries & Sausage",3,76500,DEBIT
DOM-VAR-202509-0912,"2025-09-25 09:34:00","Kopi Latte",1,25500,DEBIT
DOM-VAR-202509-0913,"2025-09-22 13:43:00","Salted Egg Pop Chicken",3,136500,CASH
DOM-VAR-202509-0913,"2025-09-22 13:43:00","Strawberry Tea",1,25500,CASH
DOM-VAR-202509-0914,"2025-09-23 11:52:00","DOMS Wings",3,90000,QRIS
DOM-VAR-202509-0914,"2025-09-23 11:52:00","Scottish Latte",2,65000,QRIS
DOM-VAR-202509-0915,"2025-09-21 10:41:00","Berry Berry Good!",2,77000,CASH
DOM-VAR-202509-0916,"2025-09-28 12:53:00","Choco Loco",3,97000,CASH
DOM-VAR-202509-0916,"2025-09-28 12:53:00","DOM's Original",2,51000,CASH
DOM-VAR-202509-0917,"2025-09-14 09:11:00","Salted Caramel Macchiato",1,37000,CASH
DOM-VAR-202509-0918,"2025-09-02 11:30:00","Scottish Latte",1,32500,DEBIT
DOM-VAR-202509-0918,"2025-09-02 11:30:00","Chick N' Matah Rice",3,106500,DEBIT
DOM-VAR-202509-0919,"2025-09-22 16:21:00","Candy Cane",3,118000,CASH
DOM-VAR-202509-0919,"2025-09-22 16:21:00","Salted Egg Pop Chicken",2,91000,CASH
DOM-VAR-202509-0920,"2025-09-01 09:36:00","Churro Bites",3,76500,QRIS
DOM-VAR-202509-0920,"2025-09-01 09:36:00","French Fries & Sausage",2,51000,QRIS
DOM-VAR-202509-0921,"2025-09-16 18:59:00","Red Velvet",3,85500,CASH
DOM-VAR-202509-0921,"2025-09-16 18:59:00","Spaghetti Carbonara",2,71000,CASH
DOM-VAR-202509-0922,"2025-09-23 16:12:00","Salted Caramel Macchiato",1,37000,QRIS
DOM-VAR-202509-0923,"2025-09-12 09:07:00","Mr. P! Nuts",1,39500,QRIS
DOM-VAR-202509-0924,"2025-09-27 10:00:00","Sub's Choice",1,35500,DEBIT
DOM-VAR-202509-0925,"2025-09-06 21:04:00","Sunset Sangria",1,32000,CASH
DOM-VAR-202509-0926,"2025-09-14 09:47:00","Kopi Latte",2,51000,QRIS
DOM-VAR-202509-0926,"2025-09-14 09:47:00","Kopi Latte",2,51000,QRIS
DOM-VAR-202509-0927,"2025-09-28 12:12:00","Candy Cane",2,78500,DEBIT
DOM-VAR-202509-0928,"2025-09-17 17:33:00","Chick N' Matah Rice",1,35500,CASH
DOM-VAR-202509-0929,"2025-09-22 18:34:00","Chick N' Matah Rice",3,106500,QRIS
DOM-VAR-202509-0929,"2025-09-22 18:34:00","Pisang Gorengnya DOM",2,52500,QRIS
DOM-VAR-202509-0930,"2025-09-26 21:09:00","Violet Kalamansi",3,85500,QRIS
DOM-VAR-202509-0931,"2025-09-12 16:48:00","Candy Cane",3,118000,DEBIT
DOM-VAR-202509-0931,"2025-09-12 16:48:00","Beef Aglio Olio",3,97000,DEBIT
DOM-VAR-202509-0932,"2025-09-05 14:34:00","Ham Spaghetti Brulee",3,115500,CASH
DOM-VAR-202509-0932,"2025-09-05 14:34:00","Chick N' Matah Rice",1,35500,CASH
DOM-VAR-202509-0933,"2025-09-06 12:23:00",Saltovino,1,34000,DEBIT
DOM-VAR-202509-0933,"2025-09-06 12:23:00","Hazelnut Latte",1,32500,DEBIT
DOM-VAR-202509-0934,"2025-09-05 17:20:00","Kopi Latte",1,25500,QRIS
DOM-VAR-202509-0934,"2025-09-05 17:20:00","Roti Bakar",2,40000,QRIS
DOM-VAR-202509-0935,"2025-09-16 21:06:00","Pisang Gorengnya DOM",2,52500,DEBIT
DOM-VAR-202509-0936,"2025-09-19 19:48:00","Candy Cane",3,118000,QRIS
DOM-VAR-202509-0936,"2025-09-19 19:48:00",Americano,1,20000,QRIS
DOM-VAR-202509-0937,"2025-09-10 17:41:00","Cheese Croquette Balls",3,76500,QRIS
DOM-VAR-202509-0937,"2025-09-10 17:41:00","Kopi Latte",1,25500,QRIS
DOM-VAR-202509-0938,"2025-09-05 11:24:00","Hazelnut Latte",3,97000,CASH
DOM-VAR-202509-0938,"2025-09-05 11:24:00","Sub's Choice",1,35500,CASH
DOM-VAR-202509-0939,"2025-09-16 12:52:00","DOMS Wings",3,90000,QRIS
DOM-VAR-202509-0940,"2025-09-08 21:56:00","Strawberry Tea",3,76500,DEBIT
DOM-VAR-202509-0941,"2025-09-05 16:33:00",Chocolate,1,28000,DEBIT
DOM-VAR-202509-0942,"2025-09-01 13:27:00","Ham Spaghetti Brulee",2,77000,DEBIT
DOM-VAR-202509-0942,"2025-09-01 13:27:00",Lotus,2,77000,DEBIT
DOM-VAR-202509-0943,"2025-09-17 19:42:00",Americano,2,40000,DEBIT
DOM-VAR-202509-0943,"2025-09-17 19:42:00","Salted Caramel Macchiato",1,37000,DEBIT
DOM-VAR-202509-0944,"2025-09-11 15:25:00","Pisang Gorengnya DOM",3,78500,QRIS
DOM-VAR-202509-0945,"2025-09-13 10:36:00",Muppet,1,38500,DEBIT
DOM-VAR-202509-0946,"2025-09-11 20:02:00","Strawberry Tea",2,51000,DEBIT
DOM-VAR-202509-0946,"2025-09-11 20:02:00","Violet Kalamansi",2,57000,DEBIT
DOM-VAR-202509-0947,"2025-09-16 17:47:00","Salted Egg Pop Chicken",3,136500,CASH
DOM-VAR-202509-0947,"2025-09-16 17:47:00","Choco Loco",2,65000,CASH
DOM-VAR-202509-0948,"2025-09-03 14:36:00","Oriental Fried Rice",2,65000,DEBIT
DOM-VAR-202509-0949,"2025-09-16 10:02:00","Beef Aglio Olio",2,65000,DEBIT
DOM-VAR-202509-0950,"2025-09-01 17:48:00","Spaghetti Carbonara",3,106500,CASH
DOM-VAR-202509-0950,"2025-09-01 17:48:00","Red Velvet",1,28500,CASH
DOM-VAR-202509-0951,"2025-09-01 13:15:00","Caramel Latte",3,97000,CASH
DOM-VAR-202509-0951,"2025-09-01 13:15:00","Strawberry Tea",2,51000,CASH
DOM-VAR-202509-0952,"2025-09-05 20:10:00","Lychee Tea",1,25500,QRIS
DOM-VAR-202509-0952,"2025-09-05 20:10:00","Salted Egg Pop Chicken",3,136500,QRIS
DOM-VAR-202509-0953,"2025-09-16 16:35:00","Lemon Tea",3,76500,CASH
DOM-VAR-202509-0954,"2025-09-02 20:09:00","French Fries & Sausage",1,25500,CASH
DOM-VAR-202509-0955,"2025-09-09 19:16:00","Cheese Croquette Balls",3,76500,CASH
DOM-VAR-202509-0955,"2025-09-09 19:16:00","Churro Bites",2,51000,CASH
DOM-VAR-202509-0956,"2025-09-06 19:21:00","Salted Egg Pop Chicken",2,91000,CASH
DOM-VAR-202509-0957,"2025-09-17 16:28:00","Taro Latte With Egg Pudding",3,97000,CASH
DOM-VAR-202509-0957,"2025-09-17 16:28:00","Hazelnut Latte",3,97000,CASH
DOM-VAR-202509-0958,"2025-09-05 21:41:00","Cheese Croquette Balls",3,76500,QRIS
DOM-VAR-202509-0958,"2025-09-05 21:41:00","Roti Bakar",3,60000,QRIS
DOM-VAR-202509-0959,"2025-09-04 16:22:00","Bang Nana Yoghurt",1,40000,CASH
DOM-VAR-202509-0959,"2025-09-04 16:22:00","Candy Cane",2,78500,CASH
DOM-VAR-202509-0960,"2025-09-08 21:34:00","Spaghetti Carbonara",1,35500,CASH
DOM-VAR-202509-0960,"2025-09-08 21:34:00","Beef Aglio Olio",2,65000,CASH
DOM-VAR-202509-0961,"2025-09-03 17:03:00","Caramel Latte",1,32500,DEBIT
DOM-VAR-202509-0961,"2025-09-03 17:03:00","Kampoeng Fried Rice",2,65000,DEBIT
DOM-VAR-202509-0962,"2025-09-04 11:19:00","Choco Loco",1,32500,CASH
DOM-VAR-202509-0963,"2025-09-02 19:47:00","Cheese Croquette Balls",1,25500,CASH
DOM-VAR-202509-0964,"2025-09-09 15:05:00","DOM's Original",1,25500,DEBIT
DOM-VAR-202509-0965,"2025-09-26 10:28:00","Pisang Gorengnya DOM",1,26500,CASH
DOM-VAR-202509-0965,"2025-09-26 10:28:00","Lemon Tea",3,76500,CASH
DOM-VAR-202509-0966,"2025-09-06 11:51:00","Red Velvet",1,28500,CASH
DOM-VAR-202509-0966,"2025-09-06 11:51:00","Mr. P! Nuts",1,39500,CASH
DOM-VAR-202509-0967,"2025-09-02 13:39:00","Bloody Mary",3,95000,DEBIT
DOM-VAR-202509-0968,"2025-09-07 21:17:00","Choco Loco",2,65000,DEBIT
DOM-VAR-202509-0968,"2025-09-07 21:17:00","Tropical Punch",1,32000,DEBIT
DOM-VAR-202509-0969,"2025-09-05 13:11:00","Bang Nana Yoghurt",1,40000,QRIS
DOM-VAR-202509-0969,"2025-09-05 13:11:00","Kopi Latte",2,51000,QRIS
DOM-VAR-202509-0970,"2025-09-07 11:37:00","Spaghetti Bolognese",2,65000,QRIS
DOM-VAR-202509-0971,"2025-09-27 11:08:00","DOMS Wings",1,30000,DEBIT
DOM-VAR-202509-0972,"2025-09-20 15:20:00","Matcha Green Tea",2,77000,QRIS
DOM-VAR-202509-0973,"2025-09-27 20:51:00","DOMS Wings",1,30000,DEBIT
DOM-VAR-202509-0973,"2025-09-27 20:51:00","Lychee Tea",3,76500,DEBIT
DOM-VAR-202509-0974,"2025-09-08 14:41:00","Salted Egg Pop Chicken",1,45500,DEBIT
DOM-VAR-202509-0975,"2025-09-28 19:29:00","Salted Egg Pop Chicken",3,136500,DEBIT
DOM-VAR-202509-0975,"2025-09-28 19:29:00",Americano,2,40000,DEBIT
DOM-VAR-202509-0976,"2025-09-26 18:31:00","Violet Kalamansi",2,57000,DEBIT
DOM-VAR-202509-0976,"2025-09-26 18:31:00","Ham Spaghetti Brulee",1,38500,DEBIT
DOM-VAR-202509-0977,"2025-09-24 20:33:00","Lemon Tea",3,76500,DEBIT
DOM-VAR-202509-0978,"2025-09-17 12:54:00","Cheese Croquette Balls",2,51000,QRIS
DOM-VAR-202509-0978,"2025-09-17 12:54:00","Roti Bakar",3,60000,QRIS
DOM-VAR-202509-0979,"2025-09-28 10:23:00",Americano,3,60000,DEBIT
DOM-VAR-202509-0979,"2025-09-28 10:23:00",Muppet,2,77000,DEBIT
DOM-VAR-202509-0980,"2025-09-23 15:43:00","Spaghetti Carbonara",1,35500,DEBIT
DOM-VAR-202509-0981,"2025-09-27 17:15:00","Choco Loco",2,65000,QRIS
DOM-VAR-202509-0981,"2025-09-27 17:15:00","Salted Caramel Macchiato",1,37000,QRIS
DOM-VAR-202509-0982,"2025-09-24 17:25:00","Oriental Fried Rice",2,65000,DEBIT
DOM-VAR-202509-0983,"2025-09-04 21:36:00","Chick N' Matah Rice",1,35500,QRIS
DOM-VAR-202509-0984,"2025-09-12 14:40:00",Muppet,1,38500,CASH
DOM-VAR-202509-0985,"2025-09-10 09:21:00","Red Velvet",1,28500,CASH
DOM-VAR-202509-0986,"2025-09-24 11:38:00","Kopi Latte",2,51000,CASH
DOM-VAR-202509-0986,"2025-09-24 11:38:00","Violet Kalamansi",2,57000,CASH
DOM-VAR-202509-0987,"2025-09-03 20:49:00","Beef Aglio Olio",2,65000,QRIS
DOM-VAR-202509-0987,"2025-09-03 20:49:00","Spaghetti Carbonara",2,71000,QRIS
DOM-VAR-202509-0988,"2025-09-05 18:31:00","Espresso On The Rock",1,25500,CASH
DOM-VAR-202509-0988,"2025-09-05 18:31:00","DOMS Wings",2,60000,CASH
DOM-VAR-202509-0989,"2025-09-23 12:52:00","Violet Kalamansi",2,57000,DEBIT
DOM-VAR-202509-0990,"2025-09-13 13:22:00","Sub's Choice",2,71000,CASH
DOM-VAR-202509-0991,"2025-09-06 13:52:00","Chick N' Matah Rice",2,71000,DEBIT
DOM-VAR-202509-0991,"2025-09-06 13:52:00","Red Velvet",3,85500,DEBIT
DOM-VAR-202509-0992,"2025-09-08 16:05:00","Espresso On The Rock",2,51000,QRIS
DOM-VAR-202509-0992,"2025-09-08 16:05:00","Scottish Latte",2,65000,QRIS
DOM-VAR-202509-0993,"2025-09-03 19:08:00","Bloody Mary",2,63500,DEBIT
DOM-VAR-202509-0993,"2025-09-03 19:08:00",Saltovino,2,68000,DEBIT
DOM-VAR-202509-0994,"2025-09-27 09:29:00","Churro Bites",2,51000,DEBIT
DOM-VAR-202509-0994,"2025-09-27 09:29:00","Chick N' Matah Rice",3,106500,DEBIT
DOM-VAR-202509-0995,"2025-09-03 20:42:00","Spaghetti Bolognese",2,65000,QRIS
DOM-VAR-202509-0996,"2025-09-25 13:59:00","Caramel Latte",1,32500,CASH
DOM-VAR-202509-0996,"2025-09-25 13:59:00","Berry Berry Good!",1,38500,CASH
DOM-VAR-202509-0997,"2025-09-18 17:08:00","Bang Nana Yoghurt",1,40000,DEBIT
DOM-VAR-202509-0997,"2025-09-18 17:08:00","Scottish Latte",1,32500,DEBIT
DOM-VAR-202509-0998,"2025-09-06 13:30:00","Churro Bites",3,76500,CASH
DOM-VAR-202509-0998,"2025-09-06 13:30:00","Mr. P! Nuts",3,118000,CASH
DOM-VAR-202509-0999,"2025-09-07 20:25:00","Matcha Green Tea",3,115500,DEBIT
DOM-VAR-202509-0999,"2025-09-07 20:25:00","Red Velvet",1,28500,DEBIT
DOM-VAR-202510-1000,"2025-10-16 15:12:00","Matcha Green Tea",2,59000,CASH
DOM-VAR-202510-1000,"2025-10-16 15:12:00","Hazelnut Latte",2,49500,CASH
DOM-VAR-202510-1001,"2025-10-02 16:49:00","Pisang Gorengnya DOM",1,20000,DEBIT
DOM-VAR-202510-1001,"2025-10-02 16:49:00","Bloody Mary",1,24500,DEBIT
DOM-VAR-202510-1002,"2025-10-22 21:10:00",Saltovino,1,26000,DEBIT
DOM-VAR-202510-1002,"2025-10-22 21:10:00","Chick N' Matah Rice",3,81500,DEBIT
DOM-VAR-202510-1003,"2025-10-09 17:53:00","Berry Berry Good!",2,59000,CASH
DOM-VAR-202510-1003,"2025-10-09 17:53:00","Sunset Sangria",1,24500,CASH
DOM-VAR-202510-1004,"2025-10-04 17:24:00","Pisang Gorengnya DOM",1,20000,CASH
DOM-VAR-202510-1004,"2025-10-04 17:24:00","Salted Caramel Macchiato",2,56500,CASH
DOM-VAR-202510-1005,"2025-10-07 20:04:00","Sunset Sangria",3,72500,QRIS
DOM-VAR-202510-1006,"2025-10-20 20:13:00","Strawberry Tea",2,39000,CASH
DOM-VAR-202510-1006,"2025-10-20 20:13:00","Spaghetti Carbonara",1,27500,CASH
DOM-VAR-202510-1007,"2025-10-24 17:41:00","Sunset Sangria",1,24500,CASH
DOM-VAR-202510-1007,"2025-10-24 17:41:00","Violet Kalamansi",1,22000,CASH
DOM-VAR-202510-1008,"2025-10-11 17:10:00","Kampoeng Fried Rice",2,49500,DEBIT
DOM-VAR-202510-1009,"2025-10-13 10:44:00","Berry Berry Good!",1,29500,CASH
DOM-VAR-202510-1009,"2025-10-13 10:44:00","Violet Kalamansi",2,44000,CASH
DOM-VAR-202510-1010,"2025-10-14 10:20:00","French Fries & Sausage",1,19500,DEBIT
DOM-VAR-202510-1011,"2025-10-21 10:27:00",Chocolate,1,21500,CASH
DOM-VAR-202510-1012,"2025-10-08 19:09:00","Kampoeng Fried Rice",1,25000,DEBIT
DOM-VAR-202510-1013,"2025-10-18 13:20:00",Americano,2,31000,DEBIT
DOM-VAR-202510-1013,"2025-10-18 13:20:00",Muppet,3,88500,DEBIT
DOM-VAR-202510-1014,"2025-10-20 21:54:00",Lotus,1,29500,DEBIT
DOM-VAR-202510-1014,"2025-10-20 21:54:00","Espresso On The Rock",1,19500,DEBIT
DOM-VAR-202510-1015,"2025-10-22 17:16:00","Choco Loco",2,49500,CASH
DOM-VAR-202510-1015,"2025-10-22 17:16:00","Sunset Sangria",3,72500,CASH
DOM-VAR-202510-1016,"2025-10-19 21:45:00","Spaghetti Bolognese",1,25000,CASH
DOM-VAR-202510-1017,"2025-10-05 12:48:00","Sunset Sangria",3,72500,DEBIT
DOM-VAR-202510-1017,"2025-10-05 12:48:00",Muppet,3,88500,DEBIT
DOM-VAR-202510-1018,"2025-10-03 10:50:00","Red Velvet",1,22000,CASH
DOM-VAR-202510-1018,"2025-10-03 10:50:00","DOM's Original",2,39000,CASH
DOM-VAR-202510-1019,"2025-10-18 21:28:00",Lotus,2,59000,DEBIT
DOM-VAR-202510-1020,"2025-10-10 18:25:00","Bang Nana Yoghurt",2,61500,DEBIT
DOM-VAR-202510-1021,"2025-10-05 13:08:00","Scottish Latte",3,74500,QRIS
DOM-VAR-202510-1021,"2025-10-05 13:08:00","Tropical Punch",2,48500,QRIS
DOM-VAR-202510-1022,"2025-10-25 10:31:00","Kopi Latte",2,39000,CASH
DOM-VAR-202510-1022,"2025-10-25 10:31:00","Tropical Punch",3,72500,CASH
DOM-VAR-202510-1023,"2025-10-19 14:19:00","Sunset Sangria",2,48500,DEBIT
DOM-VAR-202510-1023,"2025-10-19 14:19:00",Muppet,1,29500,DEBIT
DOM-VAR-202510-1024,"2025-10-06 14:33:00","Espresso On The Rock",2,39000,QRIS
DOM-VAR-202510-1025,"2025-10-24 17:07:00","DOMS Wings",3,69000,CASH
DOM-VAR-202510-1026,"2025-10-27 11:35:00","Pisang Gorengnya DOM",1,20000,CASH
DOM-VAR-202510-1026,"2025-10-27 11:35:00","Ham Spaghetti Brulee",1,29500,CASH
DOM-VAR-202510-1027,"2025-10-07 21:16:00","Mayo Karaage Rice",1,31000,QRIS
DOM-VAR-202510-1027,"2025-10-07 21:16:00","Al Fresco Nachos",1,23000,QRIS
DOM-VAR-202510-1028,"2025-10-09 20:56:00","Candy Cane",3,90000,QRIS
DOM-VAR-202510-1029,"2025-10-21 17:08:00","Kopi Latte",3,58500,DEBIT
DOM-VAR-202510-1029,"2025-10-21 17:08:00","Violet Kalamansi",1,22000,DEBIT
DOM-VAR-202510-1030,"2025-10-05 17:49:00","Caramel Latte",1,25000,QRIS
DOM-VAR-202510-1030,"2025-10-05 17:49:00","Sunset Sangria",2,48500,QRIS
DOM-VAR-202510-1031,"2025-10-19 17:55:00","Kampoeng Fried Rice",3,74500,DEBIT
DOM-VAR-202510-1032,"2025-10-27 17:46:00","Spaghetti Bolognese",2,49500,QRIS
DOM-VAR-202510-1032,"2025-10-27 17:46:00","Oriental Fried Rice",2,49500,QRIS
DOM-VAR-202510-1033,"2025-10-01 18:31:00","Violet Kalamansi",3,65500,CASH
DOM-VAR-202510-1033,"2025-10-01 18:31:00","Churro Bites",1,19500,CASH
DOM-VAR-202510-1034,"2025-10-22 17:55:00","Cheese Croquette Balls",2,39000,DEBIT
DOM-VAR-202510-1035,"2025-10-08 15:09:00","Berry Berry Good!",1,29500,QRIS
DOM-VAR-202510-1036,"2025-10-08 10:47:00",Chocolate,1,21500,DEBIT
DOM-VAR-202510-1037,"2025-10-28 16:31:00","Scottish Latte",1,25000,CASH
DOM-VAR-202510-1038,"2025-10-16 18:09:00","Spaghetti Bolognese",1,25000,QRIS
DOM-VAR-202510-1038,"2025-10-16 18:09:00","Red Velvet",2,44000,QRIS
DOM-VAR-202510-1039,"2025-10-02 09:47:00","Lychee Tea",3,58500,CASH
DOM-VAR-202510-1040,"2025-10-15 14:41:00","Cheese Croquette Balls",3,58500,CASH
DOM-VAR-202510-1040,"2025-10-15 14:41:00","Caramel Latte",3,74500,CASH
DOM-VAR-202510-1041,"2025-10-15 13:45:00","Sub's Choice",2,54500,QRIS
DOM-VAR-202510-1041,"2025-10-15 13:45:00","Spaghetti Bolognese",3,74500,QRIS
DOM-VAR-202510-1042,"2025-10-18 15:36:00","DOM's Original",1,19500,DEBIT
DOM-VAR-202510-1042,"2025-10-18 15:36:00",Muppet,1,29500,DEBIT
DOM-VAR-202510-1043,"2025-10-11 21:02:00","Sub's Choice",3,81500,DEBIT
DOM-VAR-202510-1044,"2025-10-26 12:45:00","Salted Egg Pop Chicken",1,35000,CASH
DOM-VAR-202510-1044,"2025-10-26 12:45:00",Saltovino,1,26000,CASH
DOM-VAR-202510-1045,"2025-10-19 15:45:00","Choco Loco",1,25000,DEBIT
DOM-VAR-202510-1046,"2025-10-25 09:14:00","Choco Loco",1,25000,QRIS
DOM-VAR-202510-1046,"2025-10-25 09:14:00","Taro Latte With Egg Pudding",2,49500,QRIS
DOM-VAR-202510-1047,"2025-10-02 15:39:00","Pisang Gorengnya DOM",2,40000,DEBIT
DOM-VAR-202510-1048,"2025-10-08 09:59:00","Salted Caramel Macchiato",1,28500,DEBIT
DOM-VAR-202510-1049,"2025-10-22 17:20:00","Matcha Green Tea",1,29500,DEBIT
DOM-VAR-202510-1049,"2025-10-22 17:20:00","Al Fresco Nachos",1,23000,DEBIT
DOM-VAR-202510-1050,"2025-10-04 10:36:00","Salted Caramel Macchiato",2,56500,CASH
DOM-VAR-202510-1051,"2025-10-24 09:01:00","Pisang Gorengnya DOM",3,60000,CASH
DOM-VAR-202510-1052,"2025-10-13 19:15:00","Espresso On The Rock",2,39000,DEBIT
DOM-VAR-202510-1052,"2025-10-13 19:15:00","Chick N' Matah Rice",3,81500,DEBIT
DOM-VAR-202510-1053,"2025-10-21 11:13:00","Taro Latte With Egg Pudding",2,49500,QRIS
DOM-VAR-202510-1053,"2025-10-21 11:13:00","Mr. P! Nuts",3,90000,QRIS
DOM-VAR-202510-1054,"2025-10-04 20:39:00",Muppet,3,88500,QRIS
DOM-VAR-202510-1054,"2025-10-04 20:39:00","Matcha Green Tea",1,29500,QRIS
DOM-VAR-202510-1055,"2025-10-14 18:13:00","Hazelnut Latte",1,25000,QRIS
DOM-VAR-202510-1055,"2025-10-14 18:13:00","Double Shaken Espresso",2,45000,QRIS
DOM-VAR-202510-1056,"2025-10-20 19:17:00","Salted Egg Pop Chicken",1,35000,QRIS
DOM-VAR-202510-1057,"2025-10-23 20:02:00","Scottish Latte",1,25000,QRIS
DOM-VAR-202510-1057,"2025-10-23 20:02:00","Salted Caramel Macchiato",1,28500,QRIS
DOM-VAR-202510-1058,"2025-10-04 17:49:00","Kopi Latte",2,39000,CASH
DOM-VAR-202510-1059,"2025-10-27 19:37:00","Mayo Karaage Rice",1,31000,DEBIT
DOM-VAR-202510-1059,"2025-10-27 19:37:00","Mayo Karaage Rice",1,31000,DEBIT
DOM-VAR-202510-1060,"2025-10-01 18:01:00","Spaghetti Carbonara",1,27500,CASH
DOM-VAR-202510-1061,"2025-10-27 12:53:00","Violet Kalamansi",2,44000,QRIS
DOM-VAR-202510-1062,"2025-10-21 12:38:00","Al Fresco Nachos",2,46000,DEBIT
DOM-VAR-202510-1062,"2025-10-21 12:38:00","Berry Berry Good!",2,59000,DEBIT
DOM-VAR-202510-1063,"2025-10-10 11:10:00","Lychee Tea",1,19500,CASH
DOM-VAR-202510-1064,"2025-10-17 19:20:00","Tropical Punch",3,72500,DEBIT
DOM-VAR-202510-1064,"2025-10-17 19:20:00","Spaghetti Bolognese",3,74500,DEBIT
DOM-VAR-202510-1065,"2025-10-09 11:18:00","Tropical Punch",3,72500,QRIS
DOM-VAR-202510-1066,"2025-10-23 14:27:00",Saltovino,2,52000,CASH
DOM-VAR-202510-1066,"2025-10-23 14:27:00","DOMS Wings",1,23000,CASH
DOM-VAR-202510-1067,"2025-10-04 20:48:00","Taro Latte With Egg Pudding",3,74500,CASH
DOM-VAR-202510-1068,"2025-10-10 15:04:00","Strawberry Tea",3,58500,CASH
DOM-VAR-202510-1069,"2025-10-28 14:24:00","French Fries & Sausage",1,19500,QRIS
DOM-VAR-202510-1070,"2025-10-03 14:33:00","Espresso On The Rock",3,58500,QRIS
DOM-VAR-202510-1071,"2025-10-07 19:13:00","Berry Berry Good!",2,59000,QRIS
DOM-VAR-202510-1072,"2025-10-12 19:32:00","Double Shaken Espresso",3,67500,CASH
DOM-VAR-202510-1073,"2025-10-20 18:11:00","Kopi Latte",2,39000,QRIS
DOM-VAR-202510-1074,"2025-10-01 20:21:00","Violet Kalamansi",3,65500,DEBIT
DOM-VAR-202510-1075,"2025-10-08 14:15:00","Pisang Gorengnya DOM",2,40000,QRIS
DOM-VAR-202510-1076,"2025-10-14 20:35:00","Ham Spaghetti Brulee",2,59000,DEBIT
DOM-VAR-202510-1076,"2025-10-14 20:35:00","Taro Latte With Egg Pudding",3,74500,DEBIT
DOM-VAR-202510-1077,"2025-10-05 17:20:00","Violet Kalamansi",2,44000,QRIS
DOM-VAR-202510-1077,"2025-10-05 17:20:00","Strawberry Tea",3,58500,QRIS
DOM-VAR-202510-1078,"2025-10-09 11:35:00","Hazelnut Latte",3,74500,QRIS
DOM-VAR-202510-1078,"2025-10-09 11:35:00","Al Fresco Nachos",2,46000,QRIS
DOM-VAR-202510-1079,"2025-10-12 19:49:00","Oriental Fried Rice",1,25000,QRIS
DOM-VAR-202510-1079,"2025-10-12 19:49:00","Spaghetti Carbonara",2,54500,QRIS
DOM-VAR-202510-1080,"2025-10-15 12:00:00","Espresso On The Rock",2,39000,CASH
DOM-VAR-202510-1081,"2025-10-24 18:33:00","Taro Latte With Egg Pudding",2,49500,DEBIT
DOM-VAR-202510-1082,"2025-10-18 09:41:00","Red Velvet",3,65500,QRIS
DOM-VAR-202510-1082,"2025-10-18 09:41:00","Bloody Mary",3,72500,QRIS
DOM-VAR-202510-1083,"2025-10-28 19:15:00","Salted Caramel Macchiato",1,28500,QRIS
DOM-VAR-202510-1083,"2025-10-28 19:15:00","Tropical Punch",1,24500,QRIS
DOM-VAR-202510-1084,"2025-10-27 16:55:00","Sub's Choice",2,54500,DEBIT
DOM-VAR-202510-1085,"2025-10-27 12:19:00","Cheese Croquette Balls",2,39000,QRIS
DOM-VAR-202510-1085,"2025-10-27 12:19:00",Americano,1,15500,QRIS
DOM-VAR-202510-1086,"2025-10-16 18:06:00","Candy Cane",2,60000,QRIS
DOM-VAR-202510-1086,"2025-10-16 18:06:00","Kopi Latte",1,19500,QRIS
DOM-VAR-202510-1087,"2025-10-21 16:59:00","Hazelnut Latte",2,49500,QRIS
DOM-VAR-202510-1087,"2025-10-21 16:59:00",Muppet,3,88500,QRIS
DOM-VAR-202510-1088,"2025-10-01 15:59:00","Lemon Tea",1,19500,CASH
DOM-VAR-202510-1089,"2025-10-11 18:43:00","Lychee Tea",3,58500,CASH
DOM-VAR-202510-1090,"2025-10-14 19:45:00","Red Velvet",2,44000,CASH
DOM-VAR-202510-1090,"2025-10-14 19:45:00","Spaghetti Carbonara",3,81500,CASH
DOM-VAR-202510-1091,"2025-10-13 20:12:00","Bloody Mary",2,48500,DEBIT
DOM-VAR-202510-1092,"2025-10-11 21:10:00","Violet Kalamansi",2,44000,QRIS
DOM-VAR-202510-1092,"2025-10-11 21:10:00","Taro Latte With Egg Pudding",1,25000,QRIS
DOM-VAR-202510-1093,"2025-10-17 13:16:00","Taro Latte With Egg Pudding",2,49500,QRIS
DOM-VAR-202510-1094,"2025-10-26 15:58:00","Salted Caramel Macchiato",3,85000,QRIS
DOM-VAR-202510-1095,"2025-10-28 10:55:00","Kampoeng Fried Rice",1,25000,CASH
DOM-VAR-202510-1096,"2025-10-05 15:54:00","Spaghetti Bolognese",1,25000,DEBIT
DOM-VAR-202510-1097,"2025-10-22 18:31:00","Berry Berry Good!",1,29500,DEBIT
DOM-VAR-202510-1098,"2025-10-18 12:39:00","Spaghetti Bolognese",1,25000,DEBIT
DOM-VAR-202510-1098,"2025-10-18 12:39:00","Ham Spaghetti Brulee",2,59000,DEBIT
DOM-VAR-202510-1099,"2025-10-14 10:58:00","Lychee Tea",1,19500,DEBIT
DOM-VAR-202510-1099,"2025-10-14 10:58:00","Strawberry Tea",3,58500,DEBIT
DOM-VAR-202510-1100,"2025-10-08 15:53:00","French Fries & Sausage",3,58500,CASH
DOM-VAR-202510-1100,"2025-10-08 15:53:00","Scottish Latte",2,49500,CASH
DOM-VAR-202510-1101,"2025-10-21 18:38:00","DOM's Original",2,39000,QRIS
DOM-VAR-202510-1102,"2025-10-22 15:55:00","Ham Spaghetti Brulee",1,29500,DEBIT
DOM-VAR-202510-1103,"2025-10-17 11:30:00","Taro Latte With Egg Pudding",3,74500,CASH
DOM-VAR-202510-1103,"2025-10-17 11:30:00","Berry Berry Good!",3,88500,CASH
DOM-VAR-202510-1104,"2025-10-06 09:08:00","Choco Loco",3,74500,QRIS
DOM-VAR-202510-1104,"2025-10-06 09:08:00",Americano,3,46000,QRIS
DOM-VAR-202510-1105,"2025-10-02 18:36:00","DOMS Wings",1,23000,DEBIT
DOM-VAR-202510-1106,"2025-10-19 20:25:00","Ham Spaghetti Brulee",1,29500,CASH
DOM-VAR-202510-1107,"2025-10-04 10:13:00","Bang Nana Yoghurt",2,61500,DEBIT
DOM-VAR-202510-1108,"2025-10-08 21:29:00","Sunset Sangria",2,48500,CASH
DOM-VAR-202510-1109,"2025-10-09 13:35:00","Cheese Croquette Balls",1,19500,DEBIT
DOM-VAR-202510-1109,"2025-10-09 13:35:00","Cheese Croquette Balls",2,39000,DEBIT
DOM-VAR-202510-1110,"2025-10-10 17:20:00","Mayo Karaage Rice",2,61500,QRIS
DOM-VAR-202510-1110,"2025-10-10 17:20:00",Chocolate,3,64000,QRIS
DOM-VAR-202511-1111,"2025-11-06 14:58:00","Mayo Karaage Rice",3,312000,QRIS
DOM-VAR-202511-1111,"2025-11-06 14:58:00","Churro Bites",1,66000,QRIS
DOM-VAR-202511-1112,"2025-11-21 13:02:00","Caramel Latte",2,168000,DEBIT
DOM-VAR-202511-1113,"2025-11-07 13:54:00","Sunset Sangria",3,246000,QRIS
DOM-VAR-202511-1113,"2025-11-07 13:54:00","Churro Bites",3,198000,QRIS
DOM-VAR-202511-1114,"2025-11-10 21:47:00","Red Velvet",3,222000,QRIS
DOM-VAR-202511-1114,"2025-11-10 21:47:00","Pisang Gorengnya DOM",1,68000,QRIS
DOM-VAR-202511-1115,"2025-11-04 09:44:00","Pisang Gorengnya DOM",2,136000,DEBIT
DOM-VAR-202511-1115,"2025-11-04 09:44:00",Americano,1,52000,DEBIT
DOM-VAR-202511-1116,"2025-11-20 14:32:00","Sub's Choice",1,92000,CASH
DOM-VAR-202511-1116,"2025-11-20 14:32:00","Salted Egg Pop Chicken",2,236000,CASH
DOM-VAR-202511-1117,"2025-11-07 15:20:00","Lemon Tea",1,66000,CASH
DOM-VAR-202511-1118,"2025-11-25 16:37:00","French Fries & Sausage",3,198000,CASH
DOM-VAR-202511-1118,"2025-11-25 16:37:00","Strawberry Tea",3,198000,CASH
DOM-VAR-202511-1119,"2025-11-02 11:06:00","Kampoeng Fried Rice",1,84000,QRIS
DOM-VAR-202511-1119,"2025-11-02 11:06:00","Matcha Green Tea",1,100000,QRIS
DOM-VAR-202511-1120,"2025-11-20 14:33:00","Beef Aglio Olio",2,168000,QRIS
DOM-VAR-202511-1120,"2025-11-20 14:33:00","Candy Cane",1,102000,QRIS
DOM-VAR-202511-1121,"2025-11-06 20:24:00","Taro Latte With Egg Pudding",1,84000,QRIS
DOM-VAR-202511-1121,"2025-11-06 20:24:00","Salted Caramel Macchiato",3,288000,QRIS
DOM-VAR-202511-1122,"2025-11-17 12:31:00","Chick N' Matah Rice",3,276000,DEBIT
DOM-VAR-202511-1122,"2025-11-17 12:31:00","Lychee Tea",3,198000,DEBIT
DOM-VAR-202511-1123,"2025-11-26 19:24:00","Kampoeng Fried Rice",3,252000,CASH
DOM-VAR-202511-1124,"2025-11-15 09:28:00","Violet Kalamansi",3,222000,QRIS
DOM-VAR-202511-1124,"2025-11-15 09:28:00","Chick N' Matah Rice",1,92000,QRIS
DOM-VAR-202511-1125,"2025-11-07 09:48:00","DOMS Wings",3,234000,QRIS
DOM-VAR-202511-1125,"2025-11-07 09:48:00","Strawberry Tea",2,132000,QRIS
DOM-VAR-202511-1126,"2025-11-14 19:23:00","Cheese Croquette Balls",1,66000,DEBIT
DOM-VAR-202511-1127,"2025-11-02 14:37:00","Double Shaken Espresso",2,152000,CASH
DOM-VAR-202511-1127,"2025-11-02 14:37:00","Salted Caramel Macchiato",3,288000,CASH
DOM-VAR-202511-1128,"2025-11-23 09:15:00","Al Fresco Nachos",3,234000,CASH
DOM-VAR-202511-1129,"2025-11-02 13:05:00","Churro Bites",2,132000,CASH
DOM-VAR-202511-1130,"2025-11-04 21:52:00","Spaghetti Bolognese",1,84000,CASH
DOM-VAR-202511-1131,"2025-11-03 21:19:00","Berry Berry Good!",1,100000,QRIS
DOM-VAR-202511-1131,"2025-11-03 21:19:00","Spaghetti Bolognese",1,84000,QRIS
DOM-VAR-202511-1132,"2025-11-25 14:24:00","Violet Kalamansi",3,222000,CASH
DOM-VAR-202511-1132,"2025-11-25 14:24:00","Bang Nana Yoghurt",2,208000,CASH
DOM-VAR-202511-1133,"2025-11-08 10:38:00",Chocolate,1,72000,DEBIT
DOM-VAR-202511-1133,"2025-11-08 10:38:00","Red Velvet",1,74000,DEBIT
DOM-VAR-202511-1134,"2025-11-27 18:09:00","Al Fresco Nachos",2,156000,CASH
DOM-VAR-202511-1134,"2025-11-27 18:09:00",Saltovino,2,176000,CASH
DOM-VAR-202511-1135,"2025-11-10 16:53:00","Taro Latte With Egg Pudding",3,252000,DEBIT
DOM-VAR-202511-1135,"2025-11-10 16:53:00","Bloody Mary",3,246000,DEBIT
DOM-VAR-202511-1136,"2025-11-08 20:01:00","Bang Nana Yoghurt",3,312000,CASH
DOM-VAR-202511-1136,"2025-11-08 20:01:00","Al Fresco Nachos",3,234000,CASH
DOM-VAR-202511-1137,"2025-11-25 16:34:00","Pisang Gorengnya DOM",3,204000,CASH
DOM-VAR-202511-1137,"2025-11-25 16:34:00","Bang Nana Yoghurt",1,104000,CASH
DOM-VAR-202511-1138,"2025-11-16 13:18:00","Ham Spaghetti Brulee",1,100000,QRIS
DOM-VAR-202511-1138,"2025-11-16 13:18:00",Saltovino,3,264000,QRIS
DOM-VAR-202511-1139,"2025-11-18 20:02:00","Sub's Choice",2,184000,DEBIT
DOM-VAR-202511-1139,"2025-11-18 20:02:00","Red Velvet",1,74000,DEBIT
DOM-VAR-202511-1140,"2025-11-25 11:09:00","Matcha Green Tea",2,200000,DEBIT
DOM-VAR-202511-1140,"2025-11-25 11:09:00","Kampoeng Fried Rice",1,84000,DEBIT
DOM-VAR-202511-1141,"2025-11-07 18:05:00","Matcha Green Tea",2,200000,CASH
DOM-VAR-202511-1141,"2025-11-07 18:05:00",Lotus,3,300000,CASH
DOM-VAR-202511-1142,"2025-11-04 15:38:00","DOM's Original",1,66000,DEBIT
DOM-VAR-202511-1143,"2025-11-20 10:41:00","Salted Caramel Macchiato",2,192000,DEBIT
DOM-VAR-202511-1144,"2025-11-09 14:47:00","Choco Loco",1,84000,DEBIT
DOM-VAR-202511-1144,"2025-11-09 14:47:00","Lychee Tea",1,66000,DEBIT
DOM-VAR-202511-1145,"2025-11-27 11:57:00",Muppet,3,300000,QRIS
DOM-VAR-202511-1145,"2025-11-27 11:57:00",Americano,2,104000,QRIS
DOM-VAR-202511-1146,"2025-11-08 11:51:00","Matcha Green Tea",2,200000,QRIS
DOM-VAR-202511-1146,"2025-11-08 11:51:00","Double Shaken Espresso",2,152000,QRIS
DOM-VAR-202511-1147,"2025-11-06 09:38:00","Taro Latte With Egg Pudding",3,252000,QRIS
DOM-VAR-202511-1147,"2025-11-06 09:38:00","Chick N' Matah Rice",2,184000,QRIS
DOM-VAR-202511-1148,"2025-11-20 14:05:00","Mr. P! Nuts",2,204000,DEBIT
DOM-VAR-202511-1149,"2025-11-25 10:21:00","Churro Bites",3,198000,QRIS
DOM-VAR-202511-1150,"2025-11-10 13:10:00","Matcha Green Tea",3,300000,CASH
DOM-VAR-202511-1150,"2025-11-10 13:10:00","Al Fresco Nachos",2,156000,CASH
DOM-VAR-202511-1151,"2025-11-05 15:28:00","Berry Berry Good!",2,200000,DEBIT
DOM-VAR-202511-1152,"2025-11-26 16:49:00",Chocolate,2,144000,CASH
DOM-VAR-202511-1153,"2025-11-01 21:30:00","Double Shaken Espresso",3,228000,DEBIT
DOM-VAR-202511-1154,"2025-11-27 16:43:00","Ham Spaghetti Brulee",2,200000,DEBIT
DOM-VAR-202511-1154,"2025-11-27 16:43:00","Bang Nana Yoghurt",2,208000,DEBIT
DOM-VAR-202511-1155,"2025-11-13 09:23:00","Matcha Green Tea",2,200000,DEBIT
DOM-VAR-202511-1156,"2025-11-14 21:29:00","DOMS Wings",3,234000,DEBIT
DOM-VAR-202511-1156,"2025-11-14 21:29:00",Chocolate,2,144000,DEBIT
DOM-VAR-202511-1157,"2025-11-20 15:03:00","Mayo Karaage Rice",2,208000,CASH
DOM-VAR-202511-1157,"2025-11-20 15:03:00","Roti Bakar",1,52000,CASH
DOM-VAR-202511-1158,"2025-11-06 12:55:00","Hazelnut Latte",2,168000,DEBIT
DOM-VAR-202511-1159,"2025-11-12 15:30:00","Roti Bakar",2,104000,QRIS
DOM-VAR-202511-1159,"2025-11-12 15:30:00",Chocolate,3,216000,QRIS
DOM-VAR-202511-1160,"2025-11-17 20:55:00","Berry Berry Good!",3,300000,DEBIT
DOM-VAR-202511-1161,"2025-11-08 14:54:00","Al Fresco Nachos",3,234000,QRIS
DOM-VAR-202511-1161,"2025-11-08 14:54:00","Oriental Fried Rice",3,252000,QRIS
DOM-VAR-202511-1162,"2025-11-14 17:56:00","Sunset Sangria",1,82000,DEBIT
DOM-VAR-202511-1162,"2025-11-14 17:56:00","Berry Berry Good!",1,100000,DEBIT
DOM-VAR-202511-1163,"2025-11-11 18:47:00","Bang Nana Yoghurt",1,104000,QRIS
DOM-VAR-202511-1164,"2025-11-17 17:14:00","Sunset Sangria",3,246000,QRIS
DOM-VAR-202511-1165,"2025-11-23 18:21:00",Americano,3,156000,DEBIT
DOM-VAR-202511-1165,"2025-11-23 18:21:00","Candy Cane",1,102000,DEBIT
DOM-VAR-202511-1166,"2025-11-03 18:21:00","Chick N' Matah Rice",1,92000,DEBIT
DOM-VAR-202511-1167,"2025-11-19 15:23:00","Salted Egg Pop Chicken",2,236000,DEBIT
DOM-VAR-202511-1168,"2025-11-15 16:27:00",Muppet,2,200000,QRIS
DOM-VAR-202511-1169,"2025-11-23 18:04:00",Chocolate,3,216000,CASH
DOM-VAR-202511-1169,"2025-11-23 18:04:00","Matcha Green Tea",2,200000,CASH
DOM-VAR-202511-1170,"2025-11-03 11:11:00","Al Fresco Nachos",2,156000,CASH
DOM-VAR-202511-1171,"2025-11-21 12:28:00","Beef Aglio Olio",3,252000,CASH
DOM-VAR-202511-1172,"2025-11-16 09:43:00","Sunset Sangria",2,164000,QRIS
DOM-VAR-202511-1172,"2025-11-16 09:43:00","Al Fresco Nachos",2,156000,QRIS
DOM-VAR-202511-1173,"2025-11-28 20:46:00","Double Shaken Espresso",3,228000,DEBIT
DOM-VAR-202511-1174,"2025-11-19 12:49:00","Sunset Sangria",1,82000,DEBIT
DOM-VAR-202511-1175,"2025-11-18 13:12:00",Muppet,2,200000,CASH
DOM-VAR-202511-1176,"2025-11-13 18:54:00","Tropical Punch",1,82000,CASH
DOM-VAR-202511-1176,"2025-11-13 18:54:00","Mayo Karaage Rice",3,312000,CASH
DOM-VAR-202511-1177,"2025-11-28 18:24:00","Sub's Choice",3,276000,DEBIT
DOM-VAR-202511-1178,"2025-11-26 13:21:00","Salted Caramel Macchiato",3,288000,DEBIT
DOM-VAR-202511-1179,"2025-11-13 10:53:00","Salted Egg Pop Chicken",3,354000,CASH
DOM-VAR-202511-1179,"2025-11-13 10:53:00","Mayo Karaage Rice",1,104000,CASH
DOM-VAR-202511-1180,"2025-11-27 09:16:00",Chocolate,3,216000,CASH
DOM-VAR-202511-1180,"2025-11-27 09:16:00",Muppet,1,100000,CASH
DOM-VAR-202511-1181,"2025-11-11 13:07:00","Espresso On The Rock",1,66000,QRIS
DOM-VAR-202511-1181,"2025-11-11 13:07:00","DOM's Original",3,198000,QRIS
DOM-VAR-202511-1182,"2025-11-15 21:47:00","Matcha Green Tea",1,100000,QRIS
DOM-VAR-202511-1183,"2025-11-18 11:08:00",Muppet,1,100000,QRIS
DOM-VAR-202511-1183,"2025-11-18 11:08:00","Tropical Punch",1,82000,QRIS
DOM-VAR-202511-1184,"2025-11-07 13:57:00","Beef Aglio Olio",3,252000,DEBIT
DOM-VAR-202511-1185,"2025-11-05 17:31:00","Hazelnut Latte",3,252000,QRIS
DOM-VAR-202511-1185,"2025-11-05 17:31:00","Hazelnut Latte",3,252000,QRIS
DOM-VAR-202511-1186,"2025-11-02 15:59:00",Americano,3,156000,DEBIT
DOM-VAR-202511-1187,"2025-11-01 16:28:00","Ham Spaghetti Brulee",2,200000,CASH
DOM-VAR-202511-1188,"2025-11-20 11:49:00","Choco Loco",2,168000,DEBIT
DOM-VAR-202511-1189,"2025-11-06 20:03:00","Roti Bakar",2,104000,CASH
DOM-VAR-202511-1190,"2025-11-01 16:26:00","DOMS Wings",3,234000,QRIS
DOM-VAR-202511-1191,"2025-11-08 20:12:00","Salted Caramel Macchiato",1,96000,DEBIT
DOM-VAR-202511-1191,"2025-11-08 20:12:00","Espresso On The Rock",3,198000,DEBIT
DOM-VAR-202511-1192,"2025-11-08 10:35:00","Lychee Tea",2,132000,DEBIT
DOM-VAR-202511-1192,"2025-11-08 10:35:00","Beef Aglio Olio",2,168000,DEBIT
DOM-VAR-202511-1193,"2025-11-22 16:47:00","Spaghetti Carbonara",3,276000,QRIS
DOM-VAR-202511-1193,"2025-11-22 16:47:00","Hazelnut Latte",2,168000,QRIS
DOM-VAR-202511-1194,"2025-11-14 18:18:00","Ham Spaghetti Brulee",1,100000,CASH
DOM-VAR-202511-1194,"2025-11-14 18:18:00","Oriental Fried Rice",2,168000,CASH
DOM-VAR-202511-1195,"2025-11-07 17:33:00","Mayo Karaage Rice",3,312000,QRIS
DOM-VAR-202511-1195,"2025-11-07 17:33:00",Chocolate,3,216000,QRIS
DOM-VAR-202511-1196,"2025-11-05 19:39:00","Espresso On The Rock",2,132000,DEBIT
DOM-VAR-202511-1196,"2025-11-05 19:39:00","DOM's Original",2,132000,DEBIT
DOM-VAR-202511-1197,"2025-11-10 15:41:00","Kampoeng Fried Rice",2,168000,DEBIT
DOM-VAR-202511-1198,"2025-11-01 18:36:00","Churro Bites",2,132000,CASH
DOM-VAR-202511-1199,"2025-11-27 17:46:00","Scottish Latte",3,252000,CASH
DOM-VAR-202511-1199,"2025-11-27 17:46:00","Oriental Fried Rice",3,252000,CASH
DOM-VAR-202511-1200,"2025-11-17 19:18:00","Bloody Mary",3,246000,CASH
DOM-VAR-202511-1201,"2025-11-28 21:33:00","Lemon Tea",2,132000,QRIS
DOM-VAR-202511-1202,"2025-11-16 19:22:00","Cheese Croquette Balls",2,132000,DEBIT
DOM-VAR-202511-1202,"2025-11-16 19:22:00","Roti Bakar",1,52000,DEBIT
DOM-VAR-202511-1203,"2025-11-04 21:26:00","Red Velvet",3,222000,DEBIT
DOM-VAR-202511-1203,"2025-11-04 21:26:00","Sunset Sangria",2,164000,DEBIT
DOM-VAR-202511-1204,"2025-11-09 15:00:00","Candy Cane",2,204000,QRIS
DOM-VAR-202511-1204,"2025-11-09 15:00:00","Mayo Karaage Rice",1,104000,QRIS
DOM-VAR-202511-1205,"2025-11-08 19:41:00","Choco Loco",2,168000,CASH
DOM-VAR-202511-1205,"2025-11-08 19:41:00","Roti Bakar",3,156000,CASH
DOM-VAR-202511-1206,"2025-11-12 18:50:00","Mr. P! Nuts",3,306000,DEBIT
DOM-VAR-202511-1207,"2025-11-01 09:14:00","Bloody Mary",1,82000,CASH
DOM-VAR-202511-1208,"2025-11-16 19:40:00","French Fries & Sausage",3,198000,QRIS
DOM-VAR-202511-1208,"2025-11-16 19:40:00","Double Shaken Espresso",2,152000,QRIS
DOM-VAR-202511-1209,"2025-11-27 20:00:00","Bloody Mary",2,164000,DEBIT
DOM-VAR-202511-1209,"2025-11-27 20:00:00","Chick N' Matah Rice",2,184000,DEBIT
DOM-VAR-202511-1210,"2025-11-26 09:32:00","Bang Nana Yoghurt",3,312000,QRIS
DOM-VAR-202511-1211,"2025-11-24 12:27:00","Sub's Choice",2,184000,QRIS
DOM-VAR-202511-1211,"2025-11-24 12:27:00","Kampoeng Fried Rice",3,252000,QRIS
DOM-VAR-202511-1212,"2025-11-05 09:07:00","Oriental Fried Rice",3,252000,DEBIT
DOM-VAR-202511-1213,"2025-11-18 17:45:00","Mayo Karaage Rice",3,312000,DEBIT
DOM-VAR-202511-1213,"2025-11-18 17:45:00","Taro Latte With Egg Pudding",1,84000,DEBIT
DOM-VAR-202511-1214,"2025-11-06 21:19:00","Taro Latte With Egg Pudding",2,168000,CASH
DOM-VAR-202511-1215,"2025-11-24 11:24:00","Sunset Sangria",2,164000,QRIS
DOM-VAR-202511-1216,"2025-11-22 17:19:00","Salted Caramel Macchiato",1,96000,CASH
DOM-VAR-202511-1216,"2025-11-22 17:19:00","Salted Egg Pop Chicken",3,354000,CASH
DOM-VAR-202511-1217,"2025-11-07 12:12:00","Roti Bakar",1,52000,CASH
DOM-VAR-202511-1217,"2025-11-07 12:12:00",Muppet,1,100000,CASH
DOM-VAR-202511-1218,"2025-11-06 11:02:00","Roti Bakar",3,156000,CASH
DOM-VAR-202511-1219,"2025-11-12 11:07:00","Mayo Karaage Rice",2,208000,CASH
DOM-VAR-202511-1219,"2025-11-12 11:07:00","Violet Kalamansi",3,222000,CASH
DOM-VAR-202511-1220,"2025-11-20 13:47:00","Al Fresco Nachos",1,78000,DEBIT
DOM-VAR-202511-1221,"2025-11-03 15:16:00","French Fries & Sausage",2,132000,DEBIT
DOM-VAR-202512-1222,"2025-12-18 13:21:00","Choco Loco",2,65000,DEBIT
DOM-VAR-202512-1223,"2025-12-27 21:22:00","Mr. P! Nuts",1,39500,DEBIT
DOM-VAR-202512-1223,"2025-12-27 21:22:00","Pisang Gorengnya DOM",1,26500,DEBIT
DOM-VAR-202512-1224,"2025-12-09 19:25:00","Cheese Croquette Balls",3,76500,CASH
DOM-VAR-202512-1224,"2025-12-09 19:25:00","Ham Spaghetti Brulee",2,77000,CASH
DOM-VAR-202512-1225,"2025-12-26 20:14:00",Saltovino,3,102000,QRIS
DOM-VAR-202512-1225,"2025-12-26 20:14:00","Caramel Latte",3,97000,QRIS
DOM-VAR-202512-1226,"2025-12-11 20:06:00",Americano,1,20000,QRIS
DOM-VAR-202512-1227,"2025-12-24 12:23:00","Lemon Tea",2,51000,DEBIT
DOM-VAR-202512-1227,"2025-12-24 12:23:00","Spaghetti Carbonara",1,35500,DEBIT
DOM-VAR-202512-1228,"2025-12-14 09:25:00","Strawberry Tea",2,51000,CASH
DOM-VAR-202512-1229,"2025-12-22 12:19:00","Caramel Latte",1,32500,DEBIT
DOM-VAR-202512-1229,"2025-12-22 12:19:00","Pisang Gorengnya DOM",2,52500,DEBIT
DOM-VAR-202512-1230,"2025-12-26 11:56:00",Saltovino,1,34000,CASH
DOM-VAR-202512-1231,"2025-12-06 11:25:00","Matcha Green Tea",3,115500,DEBIT
DOM-VAR-202512-1232,"2025-12-28 14:38:00","Candy Cane",1,39500,QRIS
DOM-VAR-202512-1232,"2025-12-28 14:38:00","Hazelnut Latte",1,32500,QRIS
DOM-VAR-202512-1233,"2025-12-09 10:42:00","Strawberry Tea",2,51000,CASH
DOM-VAR-202512-1234,"2025-12-11 14:48:00","Beef Aglio Olio",2,65000,CASH
DOM-VAR-202512-1234,"2025-12-11 14:48:00","Spaghetti Carbonara",2,71000,CASH
DOM-VAR-202512-1235,"2025-12-22 13:39:00","Salted Egg Pop Chicken",3,136500,DEBIT
DOM-VAR-202512-1235,"2025-12-22 13:39:00","Bloody Mary",2,63500,DEBIT
DOM-VAR-202512-1236,"2025-12-01 18:17:00","Chick N' Matah Rice",1,35500,QRIS
DOM-VAR-202512-1237,"2025-12-08 21:28:00","Al Fresco Nachos",1,30000,CASH
DOM-VAR-202512-1238,"2025-12-04 10:08:00","Lychee Tea",1,25500,DEBIT
DOM-VAR-202512-1239,"2025-12-24 14:31:00","Violet Kalamansi",1,28500,CASH
DOM-VAR-202512-1239,"2025-12-24 14:31:00","Ham Spaghetti Brulee",2,77000,CASH
DOM-VAR-202512-1240,"2025-12-12 21:52:00","Bloody Mary",1,32000,QRIS
DOM-VAR-202512-1240,"2025-12-12 21:52:00","French Fries & Sausage",3,76500,QRIS
DOM-VAR-202512-1241,"2025-12-19 15:15:00","Espresso On The Rock",2,51000,DEBIT
DOM-VAR-202512-1242,"2025-12-26 21:04:00","Spaghetti Bolognese",3,97000,QRIS
DOM-VAR-202512-1242,"2025-12-26 21:04:00","Oriental Fried Rice",3,97000,QRIS
DOM-VAR-202512-1243,"2025-12-14 19:19:00","Spaghetti Carbonara",1,35500,CASH
DOM-VAR-202512-1243,"2025-12-14 19:19:00","Taro Latte With Egg Pudding",2,65000,CASH
DOM-VAR-202512-1244,"2025-12-02 14:18:00","Taro Latte With Egg Pudding",2,65000,CASH
DOM-VAR-202512-1244,"2025-12-02 14:18:00",Lotus,2,77000,CASH
DOM-VAR-202512-1245,"2025-12-18 14:24:00","Bang Nana Yoghurt",2,80000,DEBIT
DOM-VAR-202512-1245,"2025-12-18 14:24:00","Lemon Tea",1,25500,DEBIT
DOM-VAR-202512-1246,"2025-12-06 11:20:00","Hazelnut Latte",2,65000,QRIS
DOM-VAR-202512-1246,"2025-12-06 11:20:00","Bloody Mary",2,63500,QRIS
DOM-VAR-202512-1247,"2025-12-28 17:39:00",Chocolate,2,55500,DEBIT
DOM-VAR-202512-1248,"2025-12-01 19:04:00","Scottish Latte",3,97000,DEBIT
DOM-VAR-202512-1249,"2025-12-09 19:44:00","Spaghetti Bolognese",2,65000,QRIS
DOM-VAR-202512-1249,"2025-12-09 19:44:00","DOMS Wings",1,30000,QRIS
DOM-VAR-202512-1250,"2025-12-08 10:12:00","Chick N' Matah Rice",2,71000,QRIS
DOM-VAR-202512-1250,"2025-12-08 10:12:00","Candy Cane",3,118000,QRIS
DOM-VAR-202512-1251,"2025-12-25 19:28:00","Mayo Karaage Rice",1,40000,QRIS
DOM-VAR-202512-1252,"2025-12-21 11:18:00","Salted Caramel Macchiato",1,37000,CASH
DOM-VAR-202512-1252,"2025-12-21 11:18:00",Americano,3,60000,CASH
DOM-VAR-202512-1253,"2025-12-05 13:21:00","Berry Berry Good!",2,77000,DEBIT
DOM-VAR-202512-1253,"2025-12-05 13:21:00","Churro Bites",1,25500,DEBIT
DOM-VAR-202512-1254,"2025-12-27 13:56:00",Muppet,2,77000,CASH
DOM-VAR-202512-1254,"2025-12-27 13:56:00","Candy Cane",1,39500,CASH
DOM-VAR-202512-1255,"2025-12-03 16:04:00","Pisang Gorengnya DOM",3,78500,CASH
DOM-VAR-202512-1256,"2025-12-24 18:35:00","Sunset Sangria",2,63500,CASH
DOM-VAR-202512-1256,"2025-12-24 18:35:00","Berry Berry Good!",2,77000,CASH
DOM-VAR-202512-1257,"2025-12-24 15:20:00","Espresso On The Rock",3,76500,CASH
DOM-VAR-202512-1258,"2025-12-26 10:04:00","Berry Berry Good!",3,115500,DEBIT
DOM-VAR-202512-1259,"2025-12-04 18:37:00","Berry Berry Good!",2,77000,DEBIT
DOM-VAR-202512-1259,"2025-12-04 18:37:00","Roti Bakar",3,60000,DEBIT
DOM-VAR-202512-1260,"2025-12-21 20:47:00","Espresso On The Rock",3,76500,CASH
DOM-VAR-202512-1261,"2025-12-25 20:19:00","Bang Nana Yoghurt",3,120000,CASH
DOM-VAR-202512-1262,"2025-12-05 15:02:00","Spaghetti Carbonara",2,71000,DEBIT
DOM-VAR-202512-1262,"2025-12-05 15:02:00","Strawberry Tea",1,25500,DEBIT
DOM-VAR-202512-1263,"2025-12-04 14:55:00","Lemon Tea",2,51000,CASH
DOM-VAR-202512-1264,"2025-12-13 13:18:00","Kopi Latte",2,51000,QRIS
DOM-VAR-202512-1264,"2025-12-13 13:18:00","Red Velvet",2,57000,QRIS
DOM-VAR-202512-1265,"2025-12-09 13:16:00","DOMS Wings",1,30000,QRIS
DOM-VAR-202512-1265,"2025-12-09 13:16:00",Americano,2,40000,QRIS
DOM-VAR-202512-1266,"2025-12-06 18:36:00","Sunset Sangria",3,95000,DEBIT
DOM-VAR-202512-1266,"2025-12-06 18:36:00","Bloody Mary",2,63500,DEBIT
DOM-VAR-202512-1267,"2025-12-13 18:21:00","Choco Loco",3,97000,DEBIT
DOM-VAR-202512-1267,"2025-12-13 18:21:00","Double Shaken Espresso",1,29500,DEBIT
DOM-VAR-202512-1268,"2025-12-06 17:38:00","Salted Egg Pop Chicken",1,45500,DEBIT
DOM-VAR-202512-1268,"2025-12-06 17:38:00","Chick N' Matah Rice",1,35500,DEBIT
DOM-VAR-202512-1269,"2025-12-23 21:56:00","Ham Spaghetti Brulee",1,38500,DEBIT
DOM-VAR-202512-1270,"2025-12-23 20:49:00","Choco Loco",1,32500,DEBIT
DOM-VAR-202512-1271,"2025-12-19 12:45:00","Double Shaken Espresso",3,88000,DEBIT
DOM-VAR-202512-1272,"2025-12-20 14:59:00","Tropical Punch",2,63500,DEBIT
DOM-VAR-202512-1272,"2025-12-20 14:59:00","Cheese Croquette Balls",3,76500,DEBIT
DOM-VAR-202512-1273,"2025-12-27 12:34:00","Mayo Karaage Rice",2,80000,QRIS
DOM-VAR-202512-1273,"2025-12-27 12:34:00","Pisang Gorengnya DOM",1,26500,QRIS
DOM-VAR-202512-1274,"2025-12-12 13:26:00","DOMS Wings",3,90000,QRIS
DOM-VAR-202512-1274,"2025-12-12 13:26:00","Mr. P! Nuts",2,78500,QRIS
DOM-VAR-202512-1275,"2025-12-26 14:32:00","Caramel Latte",2,65000,DEBIT
DOM-VAR-202512-1276,"2025-12-03 11:10:00","Matcha Green Tea",2,77000,CASH
DOM-VAR-202512-1277,"2025-12-23 16:43:00","Cheese Croquette Balls",1,25500,CASH
DOM-VAR-202512-1277,"2025-12-23 16:43:00","Red Velvet",2,57000,CASH
DOM-VAR-202512-1278,"2025-12-23 18:23:00","Churro Bites",3,76500,DEBIT
DOM-VAR-202512-1278,"2025-12-23 18:23:00","Sub's Choice",1,35500,DEBIT
DOM-VAR-202512-1279,"2025-12-14 13:32:00","Choco Loco",3,97000,QRIS
DOM-VAR-202512-1280,"2025-12-22 19:48:00","French Fries & Sausage",2,51000,DEBIT
DOM-VAR-202512-1280,"2025-12-22 19:48:00","Kampoeng Fried Rice",1,32500,DEBIT
DOM-VAR-202512-1281,"2025-12-24 09:05:00","Caramel Latte",1,32500,DEBIT
DOM-VAR-202512-1282,"2025-12-22 13:44:00","Salted Egg Pop Chicken",2,91000,CASH
DOM-VAR-202512-1283,"2025-12-13 13:45:00","Kampoeng Fried Rice",2,65000,QRIS
DOM-VAR-202512-1284,"2025-12-12 16:20:00","Violet Kalamansi",3,85500,CASH
DOM-VAR-202512-1284,"2025-12-12 16:20:00","French Fries & Sausage",1,25500,CASH
DOM-VAR-202512-1285,"2025-12-15 17:51:00","Lychee Tea",1,25500,CASH
DOM-VAR-202512-1286,"2025-12-15 19:25:00","Berry Berry Good!",2,77000,CASH
DOM-VAR-202512-1287,"2025-12-25 14:18:00","Oriental Fried Rice",1,32500,CASH
DOM-VAR-202512-1288,"2025-12-24 20:41:00","Kampoeng Fried Rice",2,65000,DEBIT
DOM-VAR-202512-1289,"2025-12-07 13:19:00","Spaghetti Bolognese",2,65000,QRIS
DOM-VAR-202512-1289,"2025-12-07 13:19:00","Lemon Tea",3,76500,QRIS
DOM-VAR-202512-1290,"2025-12-03 10:53:00",Muppet,1,38500,QRIS
DOM-VAR-202512-1291,"2025-12-10 13:32:00","Salted Caramel Macchiato",3,111000,DEBIT
DOM-VAR-202512-1292,"2025-12-24 20:13:00","Violet Kalamansi",2,57000,QRIS
DOM-VAR-202512-1293,"2025-12-11 13:15:00","Cheese Croquette Balls",2,51000,DEBIT
DOM-VAR-202512-1293,"2025-12-11 13:15:00","Red Velvet",1,28500,DEBIT
DOM-VAR-202512-1294,"2025-12-27 21:01:00","Hazelnut Latte",2,65000,CASH
DOM-VAR-202512-1294,"2025-12-27 21:01:00","Chick N' Matah Rice",3,106500,CASH
DOM-VAR-202512-1295,"2025-12-16 15:19:00","Violet Kalamansi",3,85500,DEBIT
DOM-VAR-202512-1295,"2025-12-16 15:19:00","Lemon Tea",2,51000,DEBIT
DOM-VAR-202512-1296,"2025-12-13 09:36:00","Berry Berry Good!",3,115500,QRIS
DOM-VAR-202512-1297,"2025-12-09 15:05:00","Mayo Karaage Rice",3,120000,CASH
DOM-VAR-202512-1298,"2025-12-03 13:50:00","French Fries & Sausage",2,51000,DEBIT
DOM-VAR-202512-1298,"2025-12-03 13:50:00",Muppet,3,115500,DEBIT
DOM-VAR-202512-1299,"2025-12-17 13:40:00","Berry Berry Good!",2,77000,DEBIT
DOM-VAR-202512-1299,"2025-12-17 13:40:00","Sub's Choice",2,71000,DEBIT
DOM-VAR-202512-1300,"2025-12-13 18:07:00","Roti Bakar",3,60000,CASH
DOM-VAR-202512-1301,"2025-12-22 13:48:00","Ham Spaghetti Brulee",3,115500,DEBIT
DOM-VAR-202512-1302,"2025-12-19 16:57:00","Caramel Latte",2,65000,QRIS
DOM-VAR-202512-1303,"2025-12-09 11:26:00","Sub's Choice",3,106500,CASH
DOM-VAR-202512-1303,"2025-12-09 11:26:00","Bang Nana Yoghurt",2,80000,CASH
DOM-VAR-202512-1304,"2025-12-13 09:27:00","Kopi Latte",1,25500,CASH
DOM-VAR-202512-1304,"2025-12-13 09:27:00","Beef Aglio Olio",3,97000,CASH
DOM-VAR-202512-1305,"2025-12-09 13:05:00","Beef Aglio Olio",3,97000,QRIS
DOM-VAR-202512-1306,"2025-12-25 15:03:00","Taro Latte With Egg Pudding",3,97000,QRIS
DOM-VAR-202512-1306,"2025-12-25 15:03:00","Kampoeng Fried Rice",2,65000,QRIS
DOM-VAR-202512-1307,"2025-12-26 16:31:00","Spaghetti Bolognese",1,32500,QRIS
DOM-VAR-202512-1307,"2025-12-26 16:31:00","Beef Aglio Olio",1,32500,QRIS
DOM-VAR-202512-1308,"2025-12-02 14:16:00","Lychee Tea",1,25500,QRIS
DOM-VAR-202512-1309,"2025-12-26 15:15:00","Double Shaken Espresso",1,29500,QRIS
DOM-VAR-202512-1310,"2025-12-23 10:21:00","Cheese Croquette Balls",3,76500,CASH
DOM-VAR-202512-1310,"2025-12-23 10:21:00","Cheese Croquette Balls",2,51000,CASH
DOM-VAR-202512-1311,"2025-12-27 17:24:00","Bloody Mary",3,95000,QRIS
DOM-VAR-202512-1311,"2025-12-27 17:24:00","Matcha Green Tea",1,38500,QRIS
DOM-VAR-202512-1312,"2025-12-27 13:50:00","Ham Spaghetti Brulee",1,38500,QRIS
DOM-VAR-202512-1312,"2025-12-27 13:50:00","DOM's Original",1,25500,QRIS
DOM-VAR-202512-1313,"2025-12-14 20:28:00","Mayo Karaage Rice",2,80000,CASH
DOM-VAR-202512-1314,"2025-12-13 16:56:00","Mayo Karaage Rice",2,80000,CASH
DOM-VAR-202512-1315,"2025-12-05 16:03:00","Bang Nana Yoghurt",1,40000,QRIS
DOM-VAR-202512-1316,"2025-12-04 16:56:00","Matcha Green Tea",3,115500,QRIS
DOM-VAR-202512-1317,"2025-12-28 13:24:00","Caramel Latte",3,97000,CASH
DOM-VAR-202512-1318,"2025-12-09 13:48:00","Lemon Tea",3,76500,DEBIT
DOM-VAR-202512-1319,"2025-12-21 09:17:00","Espresso On The Rock",2,51000,CASH
DOM-VAR-202512-1319,"2025-12-21 09:17:00","Matcha Green Tea",2,77000,CASH
DOM-VAR-202512-1320,"2025-12-15 17:55:00","Kampoeng Fried Rice",2,65000,CASH
DOM-VAR-202512-1321,"2025-12-27 12:59:00",Muppet,3,115500,CASH
DOM-VAR-202512-1322,"2025-12-26 10:41:00","Choco Loco",2,65000,QRIS
DOM-VAR-202512-1323,"2025-12-07 14:50:00","Hazelnut Latte",2,65000,CASH
DOM-VAR-202512-1324,"2025-12-21 16:43:00","Hazelnut Latte",2,65000,QRIS
DOM-VAR-202512-1325,"2025-12-09 20:47:00","Scottish Latte",1,32500,QRIS
DOM-VAR-202512-1325,"2025-12-09 20:47:00","Salted Caramel Macchiato",2,74000,QRIS
DOM-VAR-202512-1326,"2025-12-06 20:27:00","French Fries & Sausage",3,76500,QRIS
DOM-VAR-202512-1327,"2025-12-15 10:17:00","Spaghetti Bolognese",3,97000,DEBIT
DOM-VAR-202512-1328,"2025-12-18 10:06:00","Lemon Tea",3,76500,DEBIT
DOM-VAR-202512-1329,"2025-12-18 09:18:00",Lotus,2,77000,CASH
DOM-VAR-202512-1330,"2025-12-16 18:37:00","Berry Berry Good!",1,38500,CASH
DOM-VAR-202512-1331,"2025-12-03 21:15:00",Americano,3,60000,CASH
DOM-VAR-202512-1332,"2025-12-13 14:56:00","Choco Loco",1,32500,DEBIT
DOM-VAR-202512-1332,"2025-12-13 14:56:00","Espresso On The Rock",2,51000,DEBIT
DOM-VAR-202601-1333,"2026-01-26 21:37:00",Lotus,1,29500,QRIS
DOM-VAR-202601-1334,"2026-01-08 09:47:00","Roti Bakar",3,46000,CASH
DOM-VAR-202601-1334,"2026-01-08 09:47:00","Beef Aglio Olio",2,49500,CASH
DOM-VAR-202601-1335,"2026-01-04 20:44:00","Taro Latte With Egg Pudding",2,49500,QRIS
DOM-VAR-202601-1335,"2026-01-04 20:44:00","Sunset Sangria",3,72500,QRIS
DOM-VAR-202601-1336,"2026-01-12 14:09:00","Pisang Gorengnya DOM",2,40000,DEBIT
DOM-VAR-202601-1337,"2026-01-14 09:45:00","Strawberry Tea",1,19500,CASH
DOM-VAR-202601-1338,"2026-01-07 09:20:00","Pisang Gorengnya DOM",3,60000,QRIS
DOM-VAR-202601-1338,"2026-01-07 09:20:00","Matcha Green Tea",2,59000,QRIS
DOM-VAR-202601-1339,"2026-01-20 10:41:00","Mayo Karaage Rice",2,61500,CASH
DOM-VAR-202601-1340,"2026-01-14 21:33:00","Berry Berry Good!",3,88500,DEBIT
DOM-VAR-202601-1340,"2026-01-14 21:33:00","Mayo Karaage Rice",2,61500,DEBIT
DOM-VAR-202601-1341,"2026-01-16 09:51:00","Mayo Karaage Rice",2,61500,CASH
DOM-VAR-202601-1341,"2026-01-16 09:51:00","Matcha Green Tea",1,29500,CASH
DOM-VAR-202601-1342,"2026-01-27 20:29:00","Espresso On The Rock",2,39000,DEBIT
DOM-VAR-202601-1343,"2026-01-13 12:31:00","Matcha Green Tea",2,59000,DEBIT
DOM-VAR-202601-1343,"2026-01-13 12:31:00","Lemon Tea",2,39000,DEBIT
DOM-VAR-202601-1344,"2026-01-11 19:51:00","Tropical Punch",3,72500,QRIS
DOM-VAR-202601-1345,"2026-01-13 15:48:00","Taro Latte With Egg Pudding",3,74500,QRIS
DOM-VAR-202601-1346,"2026-01-09 10:39:00","Roti Bakar",3,46000,CASH
DOM-VAR-202601-1346,"2026-01-09 10:39:00","Red Velvet",2,44000,CASH
DOM-VAR-202601-1347,"2026-01-26 21:46:00","Caramel Latte",3,74500,CASH
DOM-VAR-202601-1347,"2026-01-26 21:46:00","Choco Loco",2,49500,CASH
DOM-VAR-202601-1348,"2026-01-18 20:47:00","Spaghetti Bolognese",2,49500,QRIS
DOM-VAR-202601-1348,"2026-01-18 20:47:00",Lotus,1,29500,QRIS
DOM-VAR-202601-1349,"2026-01-23 13:31:00",Lotus,3,88500,QRIS
DOM-VAR-202601-1349,"2026-01-23 13:31:00","Tropical Punch",2,48500,QRIS
DOM-VAR-202601-1350,"2026-01-27 20:34:00","Choco Loco",2,49500,QRIS
DOM-VAR-202601-1350,"2026-01-27 20:34:00","Berry Berry Good!",2,59000,QRIS
DOM-VAR-202601-1351,"2026-01-03 20:07:00","Al Fresco Nachos",1,23000,QRIS
DOM-VAR-202601-1351,"2026-01-03 20:07:00","Salted Caramel Macchiato",2,56500,QRIS
DOM-VAR-202601-1352,"2026-01-09 11:45:00","Mr. P! Nuts",2,60000,CASH
DOM-VAR-202601-1352,"2026-01-09 11:45:00","Strawberry Tea",2,39000,CASH
DOM-VAR-202601-1353,"2026-01-20 11:58:00",Americano,1,15500,QRIS
DOM-VAR-202601-1353,"2026-01-20 11:58:00","Bang Nana Yoghurt",2,61500,QRIS
DOM-VAR-202601-1354,"2026-01-17 10:33:00","Berry Berry Good!",1,29500,DEBIT
DOM-VAR-202601-1355,"2026-01-15 09:11:00","DOMS Wings",3,69000,QRIS
DOM-VAR-202601-1355,"2026-01-15 09:11:00","DOM's Original",3,58500,QRIS
DOM-VAR-202601-1356,"2026-01-13 18:40:00","Lemon Tea",1,19500,QRIS
DOM-VAR-202601-1356,"2026-01-13 18:40:00","Chick N' Matah Rice",1,27500,QRIS
DOM-VAR-202601-1357,"2026-01-22 19:36:00","Violet Kalamansi",1,22000,DEBIT
DOM-VAR-202601-1357,"2026-01-22 19:36:00",Saltovino,1,26000,DEBIT
DOM-VAR-202601-1358,"2026-01-10 21:02:00","Kopi Latte",3,58500,CASH
DOM-VAR-202601-1359,"2026-01-06 20:53:00","French Fries & Sausage",1,19500,QRIS
DOM-VAR-202601-1359,"2026-01-06 20:53:00","Hazelnut Latte",3,74500,QRIS
DOM-VAR-202601-1360,"2026-01-13 18:36:00","Pisang Gorengnya DOM",3,60000,DEBIT
DOM-VAR-202601-1360,"2026-01-13 18:36:00","Taro Latte With Egg Pudding",2,49500,DEBIT
DOM-VAR-202601-1361,"2026-01-08 21:51:00","Bloody Mary",2,48500,DEBIT
DOM-VAR-202601-1362,"2026-01-20 18:00:00",Chocolate,1,21500,CASH
DOM-VAR-202601-1362,"2026-01-20 18:00:00","Churro Bites",1,19500,CASH
DOM-VAR-202601-1363,"2026-01-06 19:12:00","Choco Loco",3,74500,DEBIT
DOM-VAR-202601-1364,"2026-01-15 19:08:00","Salted Caramel Macchiato",3,85000,DEBIT
DOM-VAR-202601-1364,"2026-01-15 19:08:00","Sunset Sangria",1,24500,DEBIT
DOM-VAR-202601-1365,"2026-01-16 10:28:00","Al Fresco Nachos",3,69000,DEBIT
DOM-VAR-202601-1366,"2026-01-14 13:11:00","Sunset Sangria",1,24500,QRIS
DOM-VAR-202601-1367,"2026-01-26 14:56:00","Kopi Latte",1,19500,DEBIT
DOM-VAR-202601-1367,"2026-01-26 14:56:00","Spaghetti Carbonara",1,27500,DEBIT
DOM-VAR-202601-1368,"2026-01-26 16:21:00","Espresso On The Rock",2,39000,CASH
DOM-VAR-202601-1368,"2026-01-26 16:21:00",Americano,2,31000,CASH
DOM-VAR-202601-1369,"2026-01-09 12:31:00","Spaghetti Carbonara",2,54500,DEBIT
DOM-VAR-202601-1370,"2026-01-28 20:16:00","Tropical Punch",2,48500,DEBIT
DOM-VAR-202601-1371,"2026-01-07 17:02:00",Saltovino,3,78000,QRIS
DOM-VAR-202601-1371,"2026-01-07 17:02:00",Lotus,2,59000,QRIS
DOM-VAR-202601-1372,"2026-01-11 09:21:00","Violet Kalamansi",1,22000,DEBIT
DOM-VAR-202601-1372,"2026-01-11 09:21:00","Salted Caramel Macchiato",2,56500,DEBIT
DOM-VAR-202601-1373,"2026-01-28 21:41:00","Hazelnut Latte",1,25000,CASH
DOM-VAR-202601-1373,"2026-01-28 21:41:00","Candy Cane",3,90000,CASH
DOM-VAR-202601-1374,"2026-01-05 15:37:00","Spaghetti Bolognese",1,25000,QRIS
DOM-VAR-202601-1374,"2026-01-05 15:37:00","Espresso On The Rock",1,19500,QRIS
DOM-VAR-202601-1375,"2026-01-11 12:04:00","Sub's Choice",1,27500,CASH
DOM-VAR-202601-1375,"2026-01-11 12:04:00",Muppet,1,29500,CASH
DOM-VAR-202601-1376,"2026-01-22 13:36:00",Lotus,2,59000,DEBIT
DOM-VAR-202601-1377,"2026-01-01 20:30:00","Berry Berry Good!",3,88500,QRIS
DOM-VAR-202601-1377,"2026-01-01 20:30:00","Mayo Karaage Rice",2,61500,QRIS
DOM-VAR-202601-1378,"2026-01-08 15:00:00","Oriental Fried Rice",2,49500,DEBIT
DOM-VAR-202601-1378,"2026-01-08 15:00:00","Sub's Choice",3,81500,DEBIT
DOM-VAR-202601-1379,"2026-01-26 11:55:00","Ham Spaghetti Brulee",3,88500,QRIS
DOM-VAR-202601-1379,"2026-01-26 11:55:00",Americano,2,31000,QRIS
DOM-VAR-202601-1380,"2026-01-05 11:50:00","Kopi Latte",3,58500,QRIS
DOM-VAR-202601-1380,"2026-01-05 11:50:00","Caramel Latte",3,74500,QRIS
DOM-VAR-202601-1381,"2026-01-25 11:42:00","Caramel Latte",2,49500,CASH
DOM-VAR-202601-1382,"2026-01-21 09:23:00","Mayo Karaage Rice",2,61500,CASH
DOM-VAR-202601-1383,"2026-01-20 16:02:00","Matcha Green Tea",1,29500,DEBIT
DOM-VAR-202601-1383,"2026-01-20 16:02:00","Oriental Fried Rice",3,74500,DEBIT
DOM-VAR-202601-1384,"2026-01-10 15:45:00","Mr. P! Nuts",3,90000,QRIS
DOM-VAR-202601-1384,"2026-01-10 15:45:00","Pisang Gorengnya DOM",1,20000,QRIS
DOM-VAR-202601-1385,"2026-01-15 12:36:00","DOMS Wings",1,23000,QRIS
DOM-VAR-202601-1385,"2026-01-15 12:36:00","French Fries & Sausage",3,58500,QRIS
DOM-VAR-202601-1386,"2026-01-05 13:26:00","Cheese Croquette Balls",2,39000,DEBIT
DOM-VAR-202601-1386,"2026-01-05 13:26:00","Pisang Gorengnya DOM",1,20000,DEBIT
DOM-VAR-202601-1387,"2026-01-12 20:39:00",Lotus,2,59000,DEBIT
DOM-VAR-202601-1387,"2026-01-12 20:39:00","Scottish Latte",1,25000,DEBIT
DOM-VAR-202601-1388,"2026-01-20 21:07:00","Ham Spaghetti Brulee",3,88500,QRIS
DOM-VAR-202601-1388,"2026-01-20 21:07:00","Caramel Latte",2,49500,QRIS
DOM-VAR-202601-1389,"2026-01-10 15:37:00","Espresso On The Rock",1,19500,CASH
DOM-VAR-202601-1390,"2026-01-14 11:52:00","Mr. P! Nuts",2,60000,DEBIT
DOM-VAR-202601-1390,"2026-01-14 11:52:00","Beef Aglio Olio",1,25000,DEBIT
DOM-VAR-202601-1391,"2026-01-15 11:45:00","Bloody Mary",1,24500,CASH
DOM-VAR-202601-1392,"2026-01-06 16:44:00",Saltovino,2,52000,CASH
DOM-VAR-202601-1392,"2026-01-06 16:44:00","Choco Loco",3,74500,CASH
DOM-VAR-202601-1393,"2026-01-06 20:13:00","Sunset Sangria",3,72500,DEBIT
DOM-VAR-202601-1393,"2026-01-06 20:13:00","Caramel Latte",1,25000,DEBIT
DOM-VAR-202601-1394,"2026-01-17 13:24:00",Saltovino,3,78000,QRIS
DOM-VAR-202601-1395,"2026-01-22 13:04:00","Beef Aglio Olio",3,74500,CASH
DOM-VAR-202601-1396,"2026-01-04 16:08:00","Candy Cane",1,30000,DEBIT
DOM-VAR-202601-1396,"2026-01-04 16:08:00","Choco Loco",2,49500,DEBIT
DOM-VAR-202601-1397,"2026-01-22 17:16:00","Bloody Mary",1,24500,QRIS
DOM-VAR-202601-1397,"2026-01-22 17:16:00","Caramel Latte",1,25000,QRIS
DOM-VAR-202601-1398,"2026-01-07 18:09:00","Bloody Mary",3,72500,QRIS
DOM-VAR-202601-1398,"2026-01-07 18:09:00","Cheese Croquette Balls",2,39000,QRIS
DOM-VAR-202601-1399,"2026-01-17 11:11:00","Pisang Gorengnya DOM",1,20000,CASH
DOM-VAR-202601-1400,"2026-01-25 13:25:00",Chocolate,3,64000,QRIS
DOM-VAR-202601-1400,"2026-01-25 13:25:00","Sunset Sangria",2,48500,QRIS
DOM-VAR-202601-1401,"2026-01-01 09:51:00","Bloody Mary",1,24500,DEBIT
DOM-VAR-202601-1401,"2026-01-01 09:51:00","Beef Aglio Olio",1,25000,DEBIT
DOM-VAR-202601-1402,"2026-01-09 20:15:00","Hazelnut Latte",3,74500,QRIS
DOM-VAR-202601-1403,"2026-01-02 20:44:00","Oriental Fried Rice",2,49500,QRIS
DOM-VAR-202601-1403,"2026-01-02 20:44:00","Spaghetti Bolognese",2,49500,QRIS
DOM-VAR-202601-1404,"2026-01-06 19:22:00","Violet Kalamansi",3,65500,CASH
DOM-VAR-202601-1405,"2026-01-20 12:28:00","Chick N' Matah Rice",1,27500,QRIS
DOM-VAR-202601-1405,"2026-01-20 12:28:00","Churro Bites",3,58500,QRIS
DOM-VAR-202601-1406,"2026-01-09 13:19:00","Cheese Croquette Balls",3,58500,CASH
DOM-VAR-202601-1406,"2026-01-09 13:19:00","Sub's Choice",3,81500,CASH
DOM-VAR-202601-1407,"2026-01-22 12:25:00","Pisang Gorengnya DOM",1,20000,DEBIT
DOM-VAR-202601-1408,"2026-01-22 12:01:00","Hazelnut Latte",1,25000,CASH
DOM-VAR-202601-1409,"2026-01-04 09:27:00","Tropical Punch",2,48500,DEBIT
DOM-VAR-202601-1410,"2026-01-17 14:32:00",Americano,2,31000,CASH
DOM-VAR-202601-1411,"2026-01-15 11:54:00","Pisang Gorengnya DOM",2,40000,CASH
DOM-VAR-202601-1412,"2026-01-09 09:18:00","Hazelnut Latte",1,25000,CASH
DOM-VAR-202601-1412,"2026-01-09 09:18:00","Spaghetti Bolognese",3,74500,CASH
DOM-VAR-202601-1413,"2026-01-25 20:23:00","Kampoeng Fried Rice",3,74500,DEBIT
DOM-VAR-202601-1414,"2026-01-02 11:49:00","Violet Kalamansi",1,22000,DEBIT
DOM-VAR-202601-1414,"2026-01-02 11:49:00","DOM's Original",1,19500,DEBIT
DOM-VAR-202601-1415,"2026-01-17 20:59:00","Salted Caramel Macchiato",2,56500,QRIS
DOM-VAR-202601-1415,"2026-01-17 20:59:00","DOM's Original",3,58500,QRIS
DOM-VAR-202601-1416,"2026-01-20 14:44:00","Red Velvet",1,22000,DEBIT
DOM-VAR-202601-1416,"2026-01-20 14:44:00","Mr. P! Nuts",2,60000,DEBIT
DOM-VAR-202601-1417,"2026-01-12 10:27:00","Spaghetti Bolognese",3,74500,CASH
DOM-VAR-202601-1418,"2026-01-05 09:07:00","Cheese Croquette Balls",2,39000,DEBIT
DOM-VAR-202601-1418,"2026-01-05 09:07:00","Choco Loco",1,25000,DEBIT
DOM-VAR-202601-1419,"2026-01-05 14:16:00","Double Shaken Espresso",2,45000,CASH
DOM-VAR-202601-1420,"2026-01-14 15:55:00","Sunset Sangria",3,72500,DEBIT
DOM-VAR-202601-1421,"2026-01-01 11:24:00","Taro Latte With Egg Pudding",2,49500,DEBIT
DOM-VAR-202601-1421,"2026-01-01 11:24:00","Lychee Tea",1,19500,DEBIT
DOM-VAR-202601-1422,"2026-01-18 10:30:00","Mr. P! Nuts",3,90000,CASH
DOM-VAR-202601-1423,"2026-01-16 20:29:00","Red Velvet",1,22000,CASH
DOM-VAR-202601-1423,"2026-01-16 20:29:00","Matcha Green Tea",3,88500,CASH
DOM-VAR-202601-1424,"2026-01-21 18:39:00","Salted Egg Pop Chicken",1,35000,CASH
DOM-VAR-202601-1424,"2026-01-21 18:39:00","Mayo Karaage Rice",3,92000,CASH
DOM-VAR-202601-1425,"2026-01-24 18:51:00","DOM's Original",2,39000,CASH
DOM-VAR-202601-1425,"2026-01-24 18:51:00","Al Fresco Nachos",1,23000,CASH
DOM-VAR-202601-1426,"2026-01-28 20:30:00","Spaghetti Carbonara",1,27500,CASH
DOM-VAR-202601-1427,"2026-01-17 14:49:00","Lychee Tea",2,39000,DEBIT
DOM-VAR-202601-1428,"2026-01-11 13:27:00","Salted Caramel Macchiato",3,85000,CASH
DOM-VAR-202601-1428,"2026-01-11 13:27:00","Cheese Croquette Balls",3,58500,CASH
DOM-VAR-202601-1429,"2026-01-08 12:12:00","Choco Loco",3,74500,DEBIT
DOM-VAR-202601-1429,"2026-01-08 12:12:00","DOM's Original",1,19500,DEBIT
DOM-VAR-202601-1430,"2026-01-20 19:26:00","Bang Nana Yoghurt",3,92000,CASH
DOM-VAR-202601-1431,"2026-01-11 12:47:00","Salted Caramel Macchiato",1,28500,DEBIT
DOM-VAR-202601-1432,"2026-01-09 13:00:00","Mr. P! Nuts",3,90000,DEBIT
DOM-VAR-202601-1433,"2026-01-01 09:17:00","Lemon Tea",1,19500,CASH
DOM-VAR-202601-1433,"2026-01-01 09:17:00","Al Fresco Nachos",3,69000,CASH
DOM-VAR-202601-1434,"2026-01-28 16:47:00","Double Shaken Espresso",3,67500,QRIS
DOM-VAR-202601-1434,"2026-01-28 16:47:00","Kopi Latte",3,58500,QRIS
DOM-VAR-202601-1435,"2026-01-21 14:01:00","Sub's Choice",1,27500,DEBIT
DOM-VAR-202601-1435,"2026-01-21 14:01:00","Violet Kalamansi",1,22000,DEBIT
DOM-VAR-202601-1436,"2026-01-11 11:24:00","Candy Cane",2,60000,DEBIT
DOM-VAR-202601-1437,"2026-01-02 20:21:00","Choco Loco",1,25000,CASH
DOM-VAR-202601-1438,"2026-01-03 18:10:00","Hazelnut Latte",1,25000,DEBIT
DOM-VAR-202601-1438,"2026-01-03 18:10:00","Lychee Tea",1,19500,DEBIT
DOM-VAR-202601-1439,"2026-01-16 13:56:00",Muppet,3,88500,QRIS
DOM-VAR-202601-1440,"2026-01-24 20:56:00","Lychee Tea",1,19500,DEBIT
DOM-VAR-202601-1440,"2026-01-24 20:56:00","Salted Caramel Macchiato",1,28500,DEBIT
DOM-VAR-202601-1441,"2026-01-16 12:24:00","Lychee Tea",3,58500,DEBIT
DOM-VAR-202601-1441,"2026-01-16 12:24:00","Cheese Croquette Balls",1,19500,DEBIT
DOM-VAR-202601-1442,"2026-01-15 15:32:00","Beef Aglio Olio",1,25000,CASH
DOM-VAR-202601-1443,"2026-01-09 10:53:00","Sunset Sangria",3,72500,CASH
DOM-VAR-202602-1444,"2026-02-21 12:17:00",Muppet,1,100000,DEBIT
DOM-VAR-202602-1445,"2026-02-04 12:35:00","Red Velvet",3,222000,DEBIT
DOM-VAR-202602-1445,"2026-02-04 12:35:00","Candy Cane",1,102000,DEBIT
DOM-VAR-202602-1446,"2026-02-23 21:09:00","Spaghetti Carbonara",3,276000,DEBIT
DOM-VAR-202602-1447,"2026-02-23 13:05:00",Muppet,1,100000,CASH
DOM-VAR-202602-1448,"2026-02-18 21:25:00","Espresso On The Rock",2,132000,CASH
DOM-VAR-202602-1449,"2026-02-24 20:27:00","Scottish Latte",1,84000,QRIS
DOM-VAR-202602-1450,"2026-02-26 09:44:00","Tropical Punch",2,164000,DEBIT
DOM-VAR-202602-1451,"2026-02-19 09:43:00","Kopi Latte",2,132000,DEBIT
DOM-VAR-202602-1451,"2026-02-19 09:43:00","Roti Bakar",2,104000,DEBIT
DOM-VAR-202602-1452,"2026-02-10 18:26:00","Strawberry Tea",3,198000,QRIS
DOM-VAR-202602-1453,"2026-02-06 11:21:00","Taro Latte With Egg Pudding",3,252000,DEBIT
DOM-VAR-202602-1454,"2026-02-19 16:37:00","Pisang Gorengnya DOM",2,136000,CASH
DOM-VAR-202602-1454,"2026-02-19 16:37:00","DOMS Wings",1,78000,CASH
DOM-VAR-202602-1455,"2026-02-11 17:19:00",Lotus,1,100000,DEBIT
DOM-VAR-202602-1456,"2026-02-21 19:01:00","Oriental Fried Rice",1,84000,QRIS
DOM-VAR-202602-1457,"2026-02-10 19:50:00",Americano,1,52000,DEBIT
DOM-VAR-202602-1458,"2026-02-11 13:20:00","Caramel Latte",3,252000,DEBIT
DOM-VAR-202602-1458,"2026-02-11 13:20:00","Choco Loco",1,84000,DEBIT
DOM-VAR-202602-1459,"2026-02-22 13:01:00","Tropical Punch",2,164000,DEBIT
DOM-VAR-202602-1459,"2026-02-22 13:01:00","Mayo Karaage Rice",2,208000,DEBIT
DOM-VAR-202602-1460,"2026-02-08 21:40:00","Sub's Choice",3,276000,DEBIT
DOM-VAR-202602-1460,"2026-02-08 21:40:00","Caramel Latte",3,252000,DEBIT
DOM-VAR-202602-1461,"2026-02-22 21:24:00",Chocolate,2,144000,DEBIT
DOM-VAR-202602-1461,"2026-02-22 21:24:00","Matcha Green Tea",1,100000,DEBIT
DOM-VAR-202602-1462,"2026-02-26 09:53:00","Salted Egg Pop Chicken",3,354000,DEBIT
DOM-VAR-202602-1463,"2026-02-06 13:14:00","Churro Bites",2,132000,QRIS
DOM-VAR-202602-1464,"2026-02-27 19:01:00","Bloody Mary",1,82000,QRIS
DOM-VAR-202602-1464,"2026-02-27 19:01:00","Choco Loco",1,84000,QRIS
DOM-VAR-202602-1465,"2026-02-03 21:49:00","Caramel Latte",1,84000,CASH
DOM-VAR-202602-1466,"2026-02-01 09:36:00","Al Fresco Nachos",2,156000,QRIS
DOM-VAR-202602-1467,"2026-02-28 16:05:00","Churro Bites",1,66000,DEBIT
DOM-VAR-202602-1467,"2026-02-28 16:05:00","Espresso On The Rock",2,132000,DEBIT
DOM-VAR-202602-1468,"2026-02-12 17:28:00","Red Velvet",2,148000,DEBIT
DOM-VAR-202602-1468,"2026-02-12 17:28:00","Sunset Sangria",1,82000,DEBIT
DOM-VAR-202602-1469,"2026-02-08 11:33:00","DOMS Wings",1,78000,QRIS
DOM-VAR-202602-1470,"2026-02-17 11:04:00","DOM's Original",2,132000,QRIS
DOM-VAR-202602-1471,"2026-02-15 10:28:00","Roti Bakar",2,104000,DEBIT
DOM-VAR-202602-1472,"2026-02-09 19:56:00","Spaghetti Carbonara",1,92000,CASH
DOM-VAR-202602-1472,"2026-02-09 19:56:00","Spaghetti Carbonara",3,276000,CASH
DOM-VAR-202602-1473,"2026-02-15 18:28:00","Caramel Latte",2,168000,CASH
DOM-VAR-202602-1474,"2026-02-22 17:29:00","Beef Aglio Olio",3,252000,DEBIT
DOM-VAR-202602-1474,"2026-02-22 17:29:00","Strawberry Tea",1,66000,DEBIT
DOM-VAR-202602-1475,"2026-02-22 16:35:00","Tropical Punch",2,164000,QRIS
DOM-VAR-202602-1476,"2026-02-16 13:44:00","Violet Kalamansi",1,74000,DEBIT
DOM-VAR-202602-1477,"2026-02-11 10:01:00","Caramel Latte",1,84000,QRIS
DOM-VAR-202602-1477,"2026-02-11 10:01:00","Bang Nana Yoghurt",1,104000,QRIS
DOM-VAR-202602-1478,"2026-02-07 11:38:00","Candy Cane",1,102000,QRIS
DOM-VAR-202602-1478,"2026-02-07 11:38:00","Scottish Latte",2,168000,QRIS
DOM-VAR-202602-1479,"2026-02-22 14:24:00","Caramel Latte",3,252000,DEBIT
DOM-VAR-202602-1480,"2026-02-20 14:28:00","Bang Nana Yoghurt",3,312000,CASH
DOM-VAR-202602-1481,"2026-02-14 14:23:00","Al Fresco Nachos",3,234000,CASH
DOM-VAR-202602-1481,"2026-02-14 14:23:00","Spaghetti Carbonara",2,184000,CASH
DOM-VAR-202602-1482,"2026-02-24 14:31:00","Red Velvet",1,74000,DEBIT
DOM-VAR-202602-1483,"2026-02-19 18:57:00","DOMS Wings",1,78000,CASH
DOM-VAR-202602-1483,"2026-02-19 18:57:00","Al Fresco Nachos",1,78000,CASH
DOM-VAR-202602-1484,"2026-02-27 09:23:00","Cheese Croquette Balls",2,132000,CASH
DOM-VAR-202602-1484,"2026-02-27 09:23:00","DOM's Original",1,66000,CASH
DOM-VAR-202602-1485,"2026-02-25 11:55:00","Kampoeng Fried Rice",3,252000,QRIS
DOM-VAR-202602-1486,"2026-02-04 20:10:00","Berry Berry Good!",3,300000,QRIS
DOM-VAR-202602-1486,"2026-02-04 20:10:00","Caramel Latte",2,168000,QRIS
DOM-VAR-202602-1487,"2026-02-26 20:41:00","Mayo Karaage Rice",2,208000,DEBIT
DOM-VAR-202602-1488,"2026-02-14 13:01:00","Al Fresco Nachos",2,156000,QRIS
DOM-VAR-202602-1488,"2026-02-14 13:01:00","Violet Kalamansi",2,148000,QRIS
DOM-VAR-202602-1489,"2026-02-06 10:15:00","Spaghetti Bolognese",3,252000,CASH
DOM-VAR-202602-1490,"2026-02-16 21:36:00","Scottish Latte",3,252000,QRIS
DOM-VAR-202602-1491,"2026-02-12 15:30:00","Caramel Latte",2,168000,DEBIT
DOM-VAR-202602-1492,"2026-02-04 17:01:00",Saltovino,2,176000,DEBIT
DOM-VAR-202602-1493,"2026-02-16 11:42:00","Lychee Tea",2,132000,DEBIT
DOM-VAR-202602-1494,"2026-02-07 20:47:00","Double Shaken Espresso",1,76000,CASH
DOM-VAR-202602-1495,"2026-02-06 10:36:00","Spaghetti Bolognese",3,252000,CASH
DOM-VAR-202602-1495,"2026-02-06 10:36:00","Chick N' Matah Rice",3,276000,CASH
DOM-VAR-202602-1496,"2026-02-28 14:30:00",Chocolate,1,72000,QRIS
DOM-VAR-202602-1496,"2026-02-28 14:30:00",Lotus,1,100000,QRIS
DOM-VAR-202602-1497,"2026-02-05 17:26:00","Scottish Latte",2,168000,QRIS
DOM-VAR-202602-1498,"2026-02-16 20:35:00","Ham Spaghetti Brulee",1,100000,QRIS
DOM-VAR-202602-1499,"2026-02-18 15:43:00","Double Shaken Espresso",3,228000,QRIS
DOM-VAR-202602-1500,"2026-02-24 19:25:00","Caramel Latte",1,84000,CASH
DOM-VAR-202602-1500,"2026-02-24 19:25:00","Scottish Latte",2,168000,CASH
DOM-VAR-202602-1501,"2026-02-10 09:50:00","Espresso On The Rock",3,198000,DEBIT
DOM-VAR-202602-1501,"2026-02-10 09:50:00",Muppet,1,100000,DEBIT
DOM-VAR-202602-1502,"2026-02-16 14:45:00",Muppet,3,300000,QRIS
DOM-VAR-202602-1503,"2026-02-05 18:52:00","Hazelnut Latte",3,252000,CASH
DOM-VAR-202602-1503,"2026-02-05 18:52:00","Mayo Karaage Rice",1,104000,CASH
DOM-VAR-202602-1504,"2026-02-08 14:19:00","Sunset Sangria",3,246000,CASH
DOM-VAR-202602-1505,"2026-02-02 19:59:00","Candy Cane",2,204000,QRIS
DOM-VAR-202602-1505,"2026-02-02 19:59:00","Taro Latte With Egg Pudding",1,84000,QRIS
DOM-VAR-202602-1506,"2026-02-03 16:22:00","Mayo Karaage Rice",2,208000,DEBIT
DOM-VAR-202602-1506,"2026-02-03 16:22:00","Berry Berry Good!",1,100000,DEBIT
DOM-VAR-202602-1507,"2026-02-27 11:20:00","Kampoeng Fried Rice",2,168000,QRIS
DOM-VAR-202602-1508,"2026-02-11 15:57:00","Bloody Mary",2,164000,CASH
DOM-VAR-202602-1508,"2026-02-11 15:57:00","Kampoeng Fried Rice",2,168000,CASH
DOM-VAR-202602-1509,"2026-02-02 19:49:00","Pisang Gorengnya DOM",1,68000,CASH
DOM-VAR-202602-1510,"2026-02-18 15:56:00","Matcha Green Tea",2,200000,DEBIT
DOM-VAR-202602-1511,"2026-02-14 13:40:00",Chocolate,1,72000,CASH
DOM-VAR-202602-1512,"2026-02-08 09:15:00","Oriental Fried Rice",3,252000,CASH
DOM-VAR-202602-1513,"2026-02-02 21:38:00","Pisang Gorengnya DOM",1,68000,DEBIT
DOM-VAR-202602-1514,"2026-02-20 16:42:00","Kampoeng Fried Rice",1,84000,CASH
DOM-VAR-202602-1514,"2026-02-20 16:42:00","Double Shaken Espresso",1,76000,CASH
DOM-VAR-202602-1515,"2026-02-27 21:19:00","Bang Nana Yoghurt",2,208000,CASH
DOM-VAR-202602-1516,"2026-02-18 17:08:00","Kampoeng Fried Rice",1,84000,CASH
DOM-VAR-202602-1516,"2026-02-18 17:08:00","Violet Kalamansi",2,148000,CASH
DOM-VAR-202602-1517,"2026-02-11 19:50:00","Lychee Tea",1,66000,CASH
DOM-VAR-202602-1517,"2026-02-11 19:50:00","Oriental Fried Rice",2,168000,CASH
DOM-VAR-202602-1518,"2026-02-27 18:26:00","Matcha Green Tea",3,300000,QRIS
DOM-VAR-202602-1519,"2026-02-20 17:53:00","Scottish Latte",1,84000,CASH
DOM-VAR-202602-1519,"2026-02-20 17:53:00","Salted Caramel Macchiato",3,288000,CASH
DOM-VAR-202602-1520,"2026-02-04 14:24:00","Scottish Latte",3,252000,QRIS
DOM-VAR-202602-1520,"2026-02-04 14:24:00","Tropical Punch",1,82000,QRIS
DOM-VAR-202602-1521,"2026-02-13 15:11:00","Mr. P! Nuts",3,306000,QRIS
DOM-VAR-202602-1521,"2026-02-13 15:11:00","Kopi Latte",2,132000,QRIS
DOM-VAR-202602-1522,"2026-02-25 15:46:00","Scottish Latte",1,84000,DEBIT
DOM-VAR-202602-1522,"2026-02-25 15:46:00","Tropical Punch",1,82000,DEBIT
DOM-VAR-202602-1523,"2026-02-11 11:38:00","Cheese Croquette Balls",1,66000,CASH
DOM-VAR-202602-1523,"2026-02-11 11:38:00","Cheese Croquette Balls",2,132000,CASH
DOM-VAR-202602-1524,"2026-02-01 21:05:00","Lemon Tea",1,66000,CASH
DOM-VAR-202602-1524,"2026-02-01 21:05:00","Spaghetti Bolognese",3,252000,CASH
DOM-VAR-202602-1525,"2026-02-15 14:11:00","Red Velvet",2,148000,CASH
DOM-VAR-202602-1526,"2026-02-18 09:58:00","Choco Loco",1,84000,CASH
DOM-VAR-202602-1526,"2026-02-18 09:58:00","Spaghetti Carbonara",2,184000,CASH
DOM-VAR-202602-1527,"2026-02-27 20:05:00","Choco Loco",1,84000,QRIS
DOM-VAR-202602-1527,"2026-02-27 20:05:00","Salted Caramel Macchiato",3,288000,QRIS
DOM-VAR-202602-1528,"2026-02-05 21:41:00","Cheese Croquette Balls",3,198000,DEBIT
DOM-VAR-202602-1529,"2026-02-12 16:52:00","Mayo Karaage Rice",3,312000,CASH
DOM-VAR-202602-1530,"2026-02-25 10:59:00","Red Velvet",1,74000,QRIS
DOM-VAR-202602-1530,"2026-02-25 10:59:00","Lychee Tea",2,132000,QRIS
DOM-VAR-202602-1531,"2026-02-23 13:49:00","Roti Bakar",3,156000,QRIS
DOM-VAR-202602-1532,"2026-02-04 15:07:00","Roti Bakar",3,156000,CASH
DOM-VAR-202602-1533,"2026-02-08 09:54:00","Al Fresco Nachos",3,234000,DEBIT
DOM-VAR-202602-1534,"2026-02-07 20:45:00","Churro Bites",3,198000,DEBIT
DOM-VAR-202602-1535,"2026-02-11 17:15:00","Double Shaken Espresso",2,152000,QRIS
DOM-VAR-202602-1536,"2026-02-15 16:24:00","Pisang Gorengnya DOM",3,204000,QRIS
DOM-VAR-202602-1536,"2026-02-15 16:24:00","Candy Cane",1,102000,QRIS
DOM-VAR-202602-1537,"2026-02-15 13:27:00","Salted Caramel Macchiato",2,192000,CASH
DOM-VAR-202602-1538,"2026-02-02 10:02:00","Kopi Latte",2,132000,CASH
DOM-VAR-202602-1538,"2026-02-02 10:02:00","Sunset Sangria",1,82000,CASH
DOM-VAR-202602-1539,"2026-02-16 19:00:00","Spaghetti Bolognese",2,168000,QRIS
DOM-VAR-202602-1540,"2026-02-27 17:32:00","Ham Spaghetti Brulee",1,100000,QRIS
DOM-VAR-202602-1541,"2026-02-28 16:11:00","Violet Kalamansi",3,222000,DEBIT
DOM-VAR-202602-1542,"2026-02-20 20:19:00","Sunset Sangria",2,164000,QRIS
DOM-VAR-202602-1542,"2026-02-20 20:19:00","Spaghetti Bolognese",1,84000,QRIS
DOM-VAR-202602-1543,"2026-02-07 14:50:00","Tropical Punch",3,246000,QRIS
DOM-VAR-202602-1543,"2026-02-07 14:50:00","DOM's Original",2,132000,QRIS
DOM-VAR-202602-1544,"2026-02-21 21:00:00",Muppet,2,200000,QRIS
DOM-VAR-202602-1545,"2026-02-03 09:02:00","Mayo Karaage Rice",1,104000,DEBIT
DOM-VAR-202602-1545,"2026-02-03 09:02:00","Oriental Fried Rice",2,168000,DEBIT
DOM-VAR-202602-1546,"2026-02-19 21:22:00","Oriental Fried Rice",3,252000,QRIS
DOM-VAR-202602-1547,"2026-02-22 21:31:00","Strawberry Tea",1,66000,DEBIT
DOM-VAR-202602-1548,"2026-02-10 13:53:00","Al Fresco Nachos",1,78000,DEBIT
DOM-VAR-202602-1549,"2026-02-22 20:55:00","Mr. P! Nuts",2,204000,QRIS
DOM-VAR-202602-1550,"2026-02-14 13:36:00",Lotus,3,300000,CASH
DOM-VAR-202602-1551,"2026-02-22 12:10:00","Beef Aglio Olio",1,84000,CASH
DOM-VAR-202602-1551,"2026-02-22 12:10:00","Lemon Tea",2,132000,CASH
DOM-VAR-202602-1552,"2026-02-05 11:02:00","Kopi Latte",1,66000,CASH
DOM-VAR-202602-1552,"2026-02-05 11:02:00","Kampoeng Fried Rice",3,252000,CASH
DOM-VAR-202602-1553,"2026-02-28 15:36:00","Spaghetti Bolognese",1,84000,DEBIT
DOM-VAR-202602-1553,"2026-02-28 15:36:00","Lemon Tea",2,132000,DEBIT
DOM-VAR-202602-1554,"2026-02-19 15:40:00","Matcha Green Tea",2,200000,QRIS
DOM-VAR-202603-1555,"2026-03-19 17:27:00","Salted Caramel Macchiato",3,111000,QRIS
DOM-VAR-202603-1555,"2026-03-19 17:27:00","Taro Latte With Egg Pudding",3,97000,QRIS
DOM-VAR-202603-1556,"2026-03-05 15:18:00","Scottish Latte",3,97000,QRIS
DOM-VAR-202603-1556,"2026-03-05 15:18:00",Saltovino,1,34000,QRIS
DOM-VAR-202603-1557,"2026-03-23 19:54:00","Pisang Gorengnya DOM",3,78500,DEBIT
DOM-VAR-202603-1558,"2026-03-15 17:57:00","Pisang Gorengnya DOM",1,26500,QRIS
DOM-VAR-202603-1559,"2026-03-22 15:34:00","Hazelnut Latte",1,32500,DEBIT
DOM-VAR-202603-1560,"2026-03-19 21:50:00","Mayo Karaage Rice",1,40000,CASH
DOM-VAR-202603-1561,"2026-03-10 10:32:00","Beef Aglio Olio",3,97000,DEBIT
DOM-VAR-202603-1562,"2026-03-11 16:01:00",Americano,1,20000,CASH
DOM-VAR-202603-1563,"2026-03-12 12:06:00","Spaghetti Bolognese",2,65000,QRIS
DOM-VAR-202603-1563,"2026-03-12 12:06:00","French Fries & Sausage",2,51000,QRIS
DOM-VAR-202603-1564,"2026-03-08 11:37:00","Lemon Tea",1,25500,QRIS
DOM-VAR-202603-1565,"2026-03-17 17:45:00","Matcha Green Tea",1,38500,DEBIT
DOM-VAR-202603-1565,"2026-03-17 17:45:00","Churro Bites",1,25500,DEBIT
DOM-VAR-202603-1566,"2026-03-20 15:41:00","Lychee Tea",1,25500,QRIS
DOM-VAR-202603-1566,"2026-03-20 15:41:00","Bang Nana Yoghurt",1,40000,QRIS
DOM-VAR-202603-1567,"2026-03-22 11:56:00",Americano,2,40000,QRIS
DOM-VAR-202603-1568,"2026-03-22 11:55:00","Espresso On The Rock",2,51000,QRIS
DOM-VAR-202603-1568,"2026-03-22 11:55:00","Spaghetti Bolognese",3,97000,QRIS
DOM-VAR-202603-1569,"2026-03-06 11:42:00","Strawberry Tea",1,25500,QRIS
DOM-VAR-202603-1570,"2026-03-14 12:43:00","Cheese Croquette Balls",2,51000,DEBIT
DOM-VAR-202603-1571,"2026-03-02 13:32:00",Lotus,2,77000,DEBIT
DOM-VAR-202603-1571,"2026-03-02 13:32:00","Mr. P! Nuts",2,78500,DEBIT
DOM-VAR-202603-1572,"2026-03-06 10:29:00","Sub's Choice",3,106500,QRIS
DOM-VAR-202603-1572,"2026-03-06 10:29:00","Choco Loco",3,97000,QRIS
DOM-VAR-202603-1573,"2026-03-04 15:41:00","Lemon Tea",2,51000,QRIS
DOM-VAR-202603-1574,"2026-03-01 16:05:00","DOMS Wings",1,30000,CASH
DOM-VAR-202603-1574,"2026-03-01 16:05:00","Spaghetti Bolognese",1,32500,CASH
DOM-VAR-202603-1575,"2026-03-09 15:53:00","Choco Loco",2,65000,CASH
DOM-VAR-202603-1576,"2026-03-25 09:08:00","Chick N' Matah Rice",3,106500,QRIS
DOM-VAR-202603-1577,"2026-03-14 11:35:00","Hazelnut Latte",1,32500,CASH
DOM-VAR-202603-1577,"2026-03-14 11:35:00","Ham Spaghetti Brulee",1,38500,CASH
DOM-VAR-202603-1578,"2026-03-02 18:18:00","Berry Berry Good!",2,77000,CASH
DOM-VAR-202603-1579,"2026-03-12 17:19:00","Sub's Choice",3,106500,QRIS
DOM-VAR-202603-1579,"2026-03-12 17:19:00","French Fries & Sausage",1,25500,QRIS
DOM-VAR-202603-1580,"2026-03-07 18:07:00","DOMS Wings",2,60000,CASH
DOM-VAR-202603-1580,"2026-03-07 18:07:00","Bloody Mary",3,95000,CASH
DOM-VAR-202603-1581,"2026-03-25 12:23:00","DOMS Wings",2,60000,QRIS
DOM-VAR-202603-1582,"2026-03-23 16:04:00","Spaghetti Bolognese",2,65000,QRIS
DOM-VAR-202603-1582,"2026-03-23 16:04:00","Lychee Tea",1,25500,QRIS
DOM-VAR-202603-1583,"2026-03-14 18:22:00","Violet Kalamansi",1,28500,CASH
DOM-VAR-202603-1584,"2026-03-20 15:44:00","Taro Latte With Egg Pudding",3,97000,CASH
DOM-VAR-202603-1584,"2026-03-20 15:44:00","Lemon Tea",2,51000,CASH
DOM-VAR-202603-1585,"2026-03-06 13:43:00","Red Velvet",1,28500,QRIS
DOM-VAR-202603-1586,"2026-03-22 19:15:00",Americano,1,20000,DEBIT
DOM-VAR-202603-1586,"2026-03-22 19:15:00","Bang Nana Yoghurt",3,120000,DEBIT
DOM-VAR-202603-1587,"2026-03-12 10:17:00",Lotus,3,115500,QRIS
DOM-VAR-202603-1587,"2026-03-12 10:17:00","Matcha Green Tea",1,38500,QRIS
DOM-VAR-202603-1588,"2026-03-02 17:15:00","Strawberry Tea",1,25500,CASH
DOM-VAR-202603-1589,"2026-03-07 13:02:00","Violet Kalamansi",2,57000,DEBIT
DOM-VAR-202603-1589,"2026-03-07 13:02:00","Lemon Tea",2,51000,DEBIT
DOM-VAR-202603-1590,"2026-03-08 18:14:00","DOMS Wings",1,30000,DEBIT
DOM-VAR-202603-1590,"2026-03-08 18:14:00","Tropical Punch",3,95000,DEBIT
DOM-VAR-202603-1591,"2026-03-08 20:46:00","Espresso On The Rock",3,76500,CASH
DOM-VAR-202603-1592,"2026-03-13 14:53:00",Saltovino,1,34000,QRIS
DOM-VAR-202603-1592,"2026-03-13 14:53:00","Matcha Green Tea",2,77000,QRIS
DOM-VAR-202603-1593,"2026-03-21 17:15:00","Strawberry Tea",2,51000,QRIS
DOM-VAR-202603-1594,"2026-03-27 14:31:00","Cheese Croquette Balls",3,76500,CASH
DOM-VAR-202603-1595,"2026-03-07 10:54:00","Spaghetti Bolognese",3,97000,CASH
DOM-VAR-202603-1595,"2026-03-07 10:54:00","Chick N' Matah Rice",3,106500,CASH
DOM-VAR-202603-1596,"2026-03-28 10:16:00",Saltovino,1,34000,DEBIT
DOM-VAR-202603-1596,"2026-03-28 10:16:00","Sub's Choice",3,106500,DEBIT
DOM-VAR-202603-1597,"2026-03-23 12:22:00","Lychee Tea",2,51000,QRIS
DOM-VAR-202603-1598,"2026-03-18 17:31:00","Sunset Sangria",1,32000,CASH
DOM-VAR-202603-1599,"2026-03-03 11:13:00","Churro Bites",3,76500,QRIS
DOM-VAR-202603-1600,"2026-03-08 18:26:00","Ham Spaghetti Brulee",1,38500,DEBIT
DOM-VAR-202603-1600,"2026-03-08 18:26:00","Lemon Tea",1,25500,DEBIT
DOM-VAR-202603-1601,"2026-03-16 17:15:00","Strawberry Tea",2,51000,DEBIT
DOM-VAR-202603-1601,"2026-03-16 17:15:00","Taro Latte With Egg Pudding",3,97000,DEBIT
DOM-VAR-202603-1602,"2026-03-13 21:22:00","Kampoeng Fried Rice",1,32500,CASH
DOM-VAR-202603-1603,"2026-03-25 10:35:00","Berry Berry Good!",2,77000,QRIS
DOM-VAR-202603-1603,"2026-03-25 10:35:00","Bloody Mary",1,32000,QRIS
DOM-VAR-202603-1604,"2026-03-07 21:34:00","Al Fresco Nachos",1,30000,CASH
DOM-VAR-202603-1604,"2026-03-07 21:34:00","Oriental Fried Rice",3,97000,CASH
DOM-VAR-202603-1605,"2026-03-09 19:33:00","Caramel Latte",1,32500,QRIS
DOM-VAR-202603-1606,"2026-03-15 18:17:00","Bang Nana Yoghurt",2,80000,DEBIT
DOM-VAR-202603-1607,"2026-03-04 11:27:00","Strawberry Tea",2,51000,QRIS
DOM-VAR-202603-1608,"2026-03-01 19:44:00","Bang Nana Yoghurt",3,120000,QRIS
DOM-VAR-202603-1608,"2026-03-01 19:44:00","Spaghetti Carbonara",1,35500,QRIS
DOM-VAR-202603-1609,"2026-03-22 14:28:00","Roti Bakar",2,40000,DEBIT
DOM-VAR-202603-1610,"2026-03-07 13:04:00","Mayo Karaage Rice",1,40000,QRIS
DOM-VAR-202603-1611,"2026-03-05 14:14:00","Matcha Green Tea",3,115500,QRIS
DOM-VAR-202603-1611,"2026-03-05 14:14:00","Mayo Karaage Rice",1,40000,QRIS
DOM-VAR-202603-1612,"2026-03-23 10:56:00","Bang Nana Yoghurt",2,80000,CASH
DOM-VAR-202603-1613,"2026-03-24 09:23:00","Choco Loco",3,97000,DEBIT
DOM-VAR-202603-1613,"2026-03-24 09:23:00",Saltovino,3,102000,DEBIT
DOM-VAR-202603-1614,"2026-03-06 21:14:00","Matcha Green Tea",2,77000,QRIS
DOM-VAR-202603-1615,"2026-03-19 13:17:00","Taro Latte With Egg Pudding",2,65000,DEBIT
DOM-VAR-202603-1616,"2026-03-15 18:12:00","Churro Bites",2,51000,QRIS
DOM-VAR-202603-1616,"2026-03-15 18:12:00","French Fries & Sausage",1,25500,QRIS
DOM-VAR-202603-1617,"2026-03-04 17:33:00","Mr. P! Nuts",2,78500,CASH
DOM-VAR-202603-1617,"2026-03-04 17:33:00","Spaghetti Carbonara",3,106500,CASH
DOM-VAR-202603-1618,"2026-03-16 15:19:00",Chocolate,3,83500,QRIS
DOM-VAR-202603-1618,"2026-03-16 15:19:00","Lychee Tea",1,25500,QRIS
DOM-VAR-202603-1619,"2026-03-05 19:56:00","Churro Bites",2,51000,QRIS
DOM-VAR-202603-1620,"2026-03-27 19:17:00",Lotus,2,77000,CASH
DOM-VAR-202603-1621,"2026-03-09 18:45:00","Caramel Latte",2,65000,CASH
DOM-VAR-202603-1621,"2026-03-09 18:45:00","French Fries & Sausage",2,51000,CASH
DOM-VAR-202603-1622,"2026-03-07 20:38:00","Matcha Green Tea",3,115500,QRIS
DOM-VAR-202603-1623,"2026-03-12 13:58:00","French Fries & Sausage",3,76500,QRIS
DOM-VAR-202603-1624,"2026-03-19 21:50:00","Lychee Tea",2,51000,QRIS
DOM-VAR-202603-1624,"2026-03-19 21:50:00","Ham Spaghetti Brulee",2,77000,QRIS
DOM-VAR-202603-1625,"2026-03-03 13:46:00","Cheese Croquette Balls",2,51000,DEBIT
DOM-VAR-202603-1626,"2026-03-28 21:14:00","Hazelnut Latte",2,65000,QRIS
DOM-VAR-202603-1627,"2026-03-23 11:10:00","Salted Egg Pop Chicken",1,45500,QRIS
DOM-VAR-202603-1627,"2026-03-23 11:10:00","Cheese Croquette Balls",1,25500,QRIS
DOM-VAR-202603-1628,"2026-03-23 09:47:00",Americano,1,20000,DEBIT
DOM-VAR-202603-1629,"2026-03-24 10:00:00",Chocolate,3,83500,DEBIT
DOM-VAR-202603-1630,"2026-03-12 11:31:00","Espresso On The Rock",2,51000,QRIS
DOM-VAR-202603-1631,"2026-03-05 11:33:00","Berry Berry Good!",3,115500,CASH
DOM-VAR-202603-1631,"2026-03-05 11:33:00","French Fries & Sausage",1,25500,CASH
DOM-VAR-202603-1632,"2026-03-16 12:19:00","Espresso On The Rock",2,51000,DEBIT
DOM-VAR-202603-1633,"2026-03-24 11:22:00",Americano,2,40000,QRIS
DOM-VAR-202603-1633,"2026-03-24 11:22:00","Mayo Karaage Rice",1,40000,QRIS
DOM-VAR-202603-1634,"2026-03-13 14:43:00","DOMS Wings",3,90000,DEBIT
DOM-VAR-202603-1635,"2026-03-19 10:44:00","Violet Kalamansi",2,57000,CASH
DOM-VAR-202603-1635,"2026-03-19 10:44:00","Spaghetti Carbonara",2,71000,CASH
DOM-VAR-202603-1636,"2026-03-13 20:09:00","Spaghetti Bolognese",3,97000,CASH
DOM-VAR-202603-1637,"2026-03-14 15:16:00","Matcha Green Tea",3,115500,CASH
DOM-VAR-202603-1638,"2026-03-08 16:12:00","Matcha Green Tea",2,77000,QRIS
DOM-VAR-202603-1638,"2026-03-08 16:12:00","Bloody Mary",1,32000,QRIS
DOM-VAR-202603-1639,"2026-03-13 11:49:00","Strawberry Tea",1,25500,CASH
DOM-VAR-202603-1639,"2026-03-13 11:49:00","Sunset Sangria",1,32000,CASH
DOM-VAR-202603-1640,"2026-03-19 14:06:00","Violet Kalamansi",3,85500,CASH
DOM-VAR-202603-1640,"2026-03-19 14:06:00","Cheese Croquette Balls",3,76500,CASH
DOM-VAR-202603-1641,"2026-03-10 16:44:00","Bloody Mary",3,95000,DEBIT
DOM-VAR-202603-1641,"2026-03-10 16:44:00","Violet Kalamansi",3,85500,DEBIT
DOM-VAR-202603-1642,"2026-03-10 21:37:00","Mr. P! Nuts",2,78500,QRIS
DOM-VAR-202603-1642,"2026-03-10 21:37:00","Bloody Mary",2,63500,QRIS
DOM-VAR-202603-1643,"2026-03-03 17:39:00","Red Velvet",1,28500,CASH
DOM-VAR-202603-1643,"2026-03-03 17:39:00","Lychee Tea",3,76500,CASH
DOM-VAR-202603-1644,"2026-03-12 11:20:00","Sunset Sangria",3,95000,CASH
DOM-VAR-202603-1645,"2026-03-19 20:43:00","Choco Loco",1,32500,CASH
DOM-VAR-202603-1645,"2026-03-19 20:43:00",Chocolate,2,55500,CASH
DOM-VAR-202603-1646,"2026-03-16 13:20:00",Chocolate,2,55500,QRIS
DOM-VAR-202603-1647,"2026-03-18 13:14:00","French Fries & Sausage",3,76500,DEBIT
DOM-VAR-202603-1647,"2026-03-18 13:14:00","Salted Caramel Macchiato",1,37000,DEBIT
DOM-VAR-202603-1648,"2026-03-04 18:13:00","DOM's Original",1,25500,QRIS
DOM-VAR-202603-1648,"2026-03-04 18:13:00","Oriental Fried Rice",1,32500,QRIS
DOM-VAR-202603-1649,"2026-03-19 12:01:00","DOMS Wings",1,30000,QRIS
DOM-VAR-202603-1649,"2026-03-19 12:01:00",Muppet,1,38500,QRIS
DOM-VAR-202603-1650,"2026-03-13 17:01:00","Red Velvet",1,28500,QRIS
DOM-VAR-202603-1651,"2026-03-02 15:50:00","Spaghetti Carbonara",1,35500,DEBIT
DOM-VAR-202603-1651,"2026-03-02 15:50:00","Caramel Latte",2,65000,DEBIT
DOM-VAR-202603-1652,"2026-03-07 11:05:00","Mr. P! Nuts",2,78500,QRIS
DOM-VAR-202603-1653,"2026-03-03 13:47:00","Violet Kalamansi",1,28500,CASH
DOM-VAR-202603-1654,"2026-03-03 18:38:00","Ham Spaghetti Brulee",1,38500,DEBIT
DOM-VAR-202603-1655,"2026-03-18 14:00:00","Scottish Latte",1,32500,QRIS
DOM-VAR-202603-1656,"2026-03-01 15:15:00",Saltovino,1,34000,CASH
DOM-VAR-202603-1657,"2026-03-07 19:51:00","Cheese Croquette Balls",1,25500,DEBIT
DOM-VAR-202603-1657,"2026-03-07 19:51:00","Scottish Latte",1,32500,DEBIT
DOM-VAR-202603-1658,"2026-03-19 12:34:00","Berry Berry Good!",3,115500,CASH
DOM-VAR-202603-1658,"2026-03-19 12:34:00","DOM's Original",3,76500,CASH
DOM-VAR-202603-1659,"2026-03-28 09:20:00","Churro Bites",3,76500,DEBIT
DOM-VAR-202603-1660,"2026-03-10 21:29:00","Chick N' Matah Rice",3,106500,DEBIT
DOM-VAR-202603-1661,"2026-03-05 12:12:00","Caramel Latte",3,97000,DEBIT
DOM-VAR-202603-1662,"2026-03-04 10:56:00","Hazelnut Latte",3,97000,DEBIT
DOM-VAR-202603-1662,"2026-03-04 10:56:00","Pisang Gorengnya DOM",3,78500,DEBIT
DOM-VAR-202603-1663,"2026-03-20 16:53:00",Lotus,1,38500,DEBIT
DOM-VAR-202603-1663,"2026-03-20 16:53:00",Lotus,2,77000,DEBIT
DOM-VAR-202603-1664,"2026-03-14 09:16:00","Bang Nana Yoghurt",1,40000,QRIS
DOM-VAR-202603-1664,"2026-03-14 09:16:00","Double Shaken Espresso",1,29500,QRIS
DOM-VAR-202603-1665,"2026-03-03 13:17:00","Al Fresco Nachos",1,30000,QRIS
DOM-VAR-202604-1666,"2026-04-19 11:17:00","Lychee Tea",1,19500,CASH
DOM-VAR-202604-1666,"2026-04-19 11:17:00","Kampoeng Fried Rice",2,49500,CASH
DOM-VAR-202604-1667,"2026-04-20 14:04:00","Pisang Gorengnya DOM",3,60000,QRIS
DOM-VAR-202604-1668,"2026-04-18 09:45:00","Bloody Mary",1,24500,DEBIT
DOM-VAR-202604-1668,"2026-04-18 09:45:00","Al Fresco Nachos",3,69000,DEBIT
DOM-VAR-202604-1669,"2026-04-20 18:53:00","DOMS Wings",1,23000,CASH
DOM-VAR-202604-1669,"2026-04-20 18:53:00","Candy Cane",2,60000,CASH
DOM-VAR-202604-1670,"2026-04-03 21:01:00","Oriental Fried Rice",1,25000,DEBIT
DOM-VAR-202604-1670,"2026-04-03 21:01:00","Roti Bakar",1,15500,DEBIT
DOM-VAR-202604-1671,"2026-04-25 20:59:00","Bloody Mary",2,48500,DEBIT
DOM-VAR-202604-1671,"2026-04-25 20:59:00","Kopi Latte",2,39000,DEBIT
DOM-VAR-202604-1672,"2026-04-02 09:38:00","Kopi Latte",1,19500,QRIS
DOM-VAR-202604-1672,"2026-04-02 09:38:00","Salted Caramel Macchiato",3,85000,QRIS
DOM-VAR-202604-1673,"2026-04-10 17:24:00","Beef Aglio Olio",1,25000,QRIS
DOM-VAR-202604-1673,"2026-04-10 17:24:00","Salted Egg Pop Chicken",2,69500,QRIS
DOM-VAR-202604-1674,"2026-04-18 14:59:00",Saltovino,1,26000,QRIS
DOM-VAR-202604-1675,"2026-04-23 11:58:00",Muppet,3,88500,CASH
DOM-VAR-202604-1675,"2026-04-23 11:58:00","Kopi Latte",3,58500,CASH
DOM-VAR-202604-1676,"2026-04-15 15:21:00","Lychee Tea",2,39000,DEBIT
DOM-VAR-202604-1677,"2026-04-16 15:46:00","Bloody Mary",1,24500,DEBIT
DOM-VAR-202604-1677,"2026-04-16 15:46:00","Scottish Latte",1,25000,DEBIT
DOM-VAR-202604-1678,"2026-04-01 19:20:00","Taro Latte With Egg Pudding",1,25000,QRIS
DOM-VAR-202604-1678,"2026-04-01 19:20:00","Espresso On The Rock",1,19500,QRIS
DOM-VAR-202604-1679,"2026-04-06 18:36:00","Al Fresco Nachos",3,69000,DEBIT
DOM-VAR-202604-1680,"2026-04-23 10:15:00","Mr. P! Nuts",3,90000,CASH
DOM-VAR-202604-1681,"2026-04-19 10:08:00","Matcha Green Tea",1,29500,QRIS
DOM-VAR-202604-1682,"2026-04-05 09:46:00","Lychee Tea",2,39000,QRIS
DOM-VAR-202604-1682,"2026-04-05 09:46:00","Candy Cane",2,60000,QRIS
DOM-VAR-202604-1683,"2026-04-15 15:53:00","Violet Kalamansi",1,22000,DEBIT
DOM-VAR-202604-1683,"2026-04-15 15:53:00","Al Fresco Nachos",2,46000,DEBIT
DOM-VAR-202604-1684,"2026-04-15 18:20:00","Sunset Sangria",1,24500,DEBIT
DOM-VAR-202604-1685,"2026-04-01 19:11:00","Violet Kalamansi",3,65500,QRIS
DOM-VAR-202604-1685,"2026-04-01 19:11:00",Saltovino,2,52000,QRIS
DOM-VAR-202604-1686,"2026-04-09 18:28:00","Caramel Latte",3,74500,CASH
DOM-VAR-202604-1686,"2026-04-09 18:28:00","Matcha Green Tea",1,29500,CASH
DOM-VAR-202604-1687,"2026-04-19 11:33:00","Red Velvet",1,22000,QRIS
DOM-VAR-202604-1687,"2026-04-19 11:33:00","Kampoeng Fried Rice",3,74500,QRIS
DOM-VAR-202604-1688,"2026-04-13 16:02:00","Mr. P! Nuts",1,30000,DEBIT
DOM-VAR-202604-1688,"2026-04-13 16:02:00","Pisang Gorengnya DOM",2,40000,DEBIT
DOM-VAR-202604-1689,"2026-04-07 11:49:00","Kopi Latte",3,58500,CASH
DOM-VAR-202604-1690,"2026-04-18 21:56:00","Churro Bites",1,19500,DEBIT
DOM-VAR-202604-1690,"2026-04-18 21:56:00","Espresso On The Rock",1,19500,DEBIT
DOM-VAR-202604-1691,"2026-04-02 20:19:00","Kopi Latte",2,39000,QRIS
DOM-VAR-202604-1692,"2026-04-14 21:06:00","Cheese Croquette Balls",2,39000,CASH
DOM-VAR-202604-1692,"2026-04-14 21:06:00","Bang Nana Yoghurt",2,61500,CASH
DOM-VAR-202604-1693,"2026-04-09 16:04:00","DOMS Wings",1,23000,QRIS
DOM-VAR-202604-1694,"2026-04-19 21:39:00","Matcha Green Tea",1,29500,CASH
DOM-VAR-202604-1695,"2026-04-04 10:16:00","Salted Egg Pop Chicken",2,69500,QRIS
DOM-VAR-202604-1695,"2026-04-04 10:16:00","Espresso On The Rock",3,58500,QRIS
DOM-VAR-202604-1696,"2026-04-25 12:47:00","Candy Cane",3,90000,CASH
DOM-VAR-202604-1697,"2026-04-17 10:15:00","Tropical Punch",1,24500,CASH
DOM-VAR-202604-1698,"2026-04-08 19:25:00","Roti Bakar",3,46000,QRIS
DOM-VAR-202604-1699,"2026-04-14 11:56:00",Lotus,2,59000,QRIS
DOM-VAR-202604-1700,"2026-04-26 10:27:00","Roti Bakar",2,31000,QRIS
DOM-VAR-202604-1701,"2026-04-27 13:57:00","Sub's Choice",3,81500,DEBIT
DOM-VAR-202604-1702,"2026-04-22 14:22:00","Bloody Mary",3,72500,CASH
DOM-VAR-202604-1703,"2026-04-10 09:55:00","Ham Spaghetti Brulee",1,29500,CASH
DOM-VAR-202604-1703,"2026-04-10 09:55:00","Churro Bites",3,58500,CASH
DOM-VAR-202604-1704,"2026-04-23 18:44:00",Chocolate,1,21500,QRIS
DOM-VAR-202604-1704,"2026-04-23 18:44:00",Lotus,1,29500,QRIS
DOM-VAR-202604-1705,"2026-04-10 20:29:00",Lotus,1,29500,CASH
DOM-VAR-202604-1706,"2026-04-15 09:15:00","Spaghetti Bolognese",1,25000,QRIS
DOM-VAR-202604-1706,"2026-04-15 09:15:00","Red Velvet",1,22000,QRIS
DOM-VAR-202604-1707,"2026-04-06 13:09:00","Mr. P! Nuts",2,60000,DEBIT
DOM-VAR-202604-1708,"2026-04-04 19:54:00","Hazelnut Latte",3,74500,CASH
DOM-VAR-202604-1709,"2026-04-18 14:26:00","Bloody Mary",2,48500,DEBIT
DOM-VAR-202604-1710,"2026-04-23 17:38:00","Roti Bakar",1,15500,QRIS
DOM-VAR-202604-1711,"2026-04-03 16:44:00","Tropical Punch",3,72500,DEBIT
DOM-VAR-202604-1711,"2026-04-03 16:44:00","Salted Egg Pop Chicken",2,69500,DEBIT
DOM-VAR-202604-1712,"2026-04-25 19:33:00","Espresso On The Rock",2,39000,QRIS
DOM-VAR-202604-1712,"2026-04-25 19:33:00","Scottish Latte",1,25000,QRIS
DOM-VAR-202604-1713,"2026-04-12 14:34:00","Lemon Tea",3,58500,CASH
DOM-VAR-202604-1714,"2026-04-02 14:01:00","Cheese Croquette Balls",1,19500,DEBIT
DOM-VAR-202604-1714,"2026-04-02 14:01:00","Lychee Tea",2,39000,DEBIT
DOM-VAR-202604-1715,"2026-04-05 17:45:00","Berry Berry Good!",1,29500,QRIS
DOM-VAR-202604-1715,"2026-04-05 17:45:00","Spaghetti Carbonara",2,54500,QRIS
DOM-VAR-202604-1716,"2026-04-19 14:02:00",Americano,3,46000,QRIS
DOM-VAR-202604-1717,"2026-04-24 14:41:00","Beef Aglio Olio",1,25000,QRIS
DOM-VAR-202604-1717,"2026-04-24 14:41:00","Scottish Latte",3,74500,QRIS
DOM-VAR-202604-1718,"2026-04-17 16:18:00","Roti Bakar",3,46000,QRIS
DOM-VAR-202604-1718,"2026-04-17 16:18:00","Lychee Tea",2,39000,QRIS
DOM-VAR-202604-1719,"2026-04-21 17:12:00",Muppet,2,59000,CASH
DOM-VAR-202604-1720,"2026-04-06 18:15:00","Taro Latte With Egg Pudding",3,74500,DEBIT
DOM-VAR-202604-1720,"2026-04-06 18:15:00","Sub's Choice",3,81500,DEBIT
DOM-VAR-202604-1721,"2026-04-28 09:13:00","Cheese Croquette Balls",3,58500,DEBIT
DOM-VAR-202604-1721,"2026-04-28 09:13:00","Ham Spaghetti Brulee",3,88500,DEBIT
DOM-VAR-202604-1722,"2026-04-17 11:36:00","Chick N' Matah Rice",2,54500,CASH
DOM-VAR-202604-1722,"2026-04-17 11:36:00","Beef Aglio Olio",2,49500,CASH
DOM-VAR-202604-1723,"2026-04-13 13:54:00","Spaghetti Carbonara",3,81500,DEBIT
DOM-VAR-202604-1723,"2026-04-13 13:54:00","Kampoeng Fried Rice",2,49500,DEBIT
DOM-VAR-202604-1724,"2026-04-24 21:14:00",Americano,1,15500,QRIS
DOM-VAR-202604-1725,"2026-04-14 17:11:00","DOMS Wings",3,69000,QRIS
DOM-VAR-202604-1725,"2026-04-14 17:11:00","Choco Loco",3,74500,QRIS
DOM-VAR-202604-1726,"2026-04-08 16:42:00","Kopi Latte",2,39000,CASH
DOM-VAR-202604-1727,"2026-04-02 19:27:00","Tropical Punch",2,48500,DEBIT
DOM-VAR-202604-1728,"2026-04-24 10:31:00","Pisang Gorengnya DOM",2,40000,QRIS
DOM-VAR-202604-1729,"2026-04-02 21:09:00","Espresso On The Rock",3,58500,DEBIT
DOM-VAR-202604-1729,"2026-04-02 21:09:00","DOM's Original",3,58500,DEBIT
DOM-VAR-202604-1730,"2026-04-10 17:31:00","Choco Loco",1,25000,DEBIT
DOM-VAR-202604-1731,"2026-04-06 21:39:00","Matcha Green Tea",1,29500,CASH
DOM-VAR-202604-1731,"2026-04-06 21:39:00","Pisang Gorengnya DOM",1,20000,CASH
DOM-VAR-202604-1732,"2026-04-28 18:14:00","Taro Latte With Egg Pudding",3,74500,CASH
DOM-VAR-202604-1733,"2026-04-05 20:04:00",Americano,2,31000,DEBIT
DOM-VAR-202604-1734,"2026-04-27 15:27:00","Kopi Latte",1,19500,CASH
DOM-VAR-202604-1735,"2026-04-25 10:34:00","Double Shaken Espresso",2,45000,QRIS
DOM-VAR-202604-1736,"2026-04-22 19:19:00",Saltovino,2,52000,CASH
DOM-VAR-202604-1736,"2026-04-22 19:19:00","Bang Nana Yoghurt",3,92000,CASH
DOM-VAR-202604-1737,"2026-04-13 09:04:00","Tropical Punch",1,24500,DEBIT
DOM-VAR-202604-1738,"2026-04-17 18:11:00","Violet Kalamansi",1,22000,QRIS
DOM-VAR-202604-1739,"2026-04-14 16:57:00","Scottish Latte",2,49500,DEBIT
DOM-VAR-202604-1739,"2026-04-14 16:57:00","Hazelnut Latte",2,49500,DEBIT
DOM-VAR-202604-1740,"2026-04-21 09:56:00","Salted Egg Pop Chicken",2,69500,DEBIT
DOM-VAR-202604-1741,"2026-04-21 18:54:00","Espresso On The Rock",3,58500,QRIS
DOM-VAR-202604-1742,"2026-04-12 21:07:00",Saltovino,2,52000,DEBIT
DOM-VAR-202604-1743,"2026-04-27 20:16:00","Sub's Choice",2,54500,QRIS
DOM-VAR-202604-1744,"2026-04-15 13:27:00","Matcha Green Tea",3,88500,QRIS
DOM-VAR-202604-1745,"2026-04-02 14:04:00","Kopi Latte",2,39000,DEBIT
DOM-VAR-202604-1746,"2026-04-09 14:24:00","Sub's Choice",2,54500,CASH
DOM-VAR-202604-1747,"2026-04-13 15:27:00","Roti Bakar",2,31000,DEBIT
DOM-VAR-202604-1747,"2026-04-13 15:27:00","DOMS Wings",2,46000,DEBIT
DOM-VAR-202604-1748,"2026-04-10 16:59:00","Hazelnut Latte",3,74500,QRIS
DOM-VAR-202604-1749,"2026-04-27 15:42:00","Chick N' Matah Rice",3,81500,QRIS
DOM-VAR-202604-1750,"2026-04-13 12:32:00","Berry Berry Good!",3,88500,DEBIT
DOM-VAR-202604-1750,"2026-04-13 12:32:00","Hazelnut Latte",1,25000,DEBIT
DOM-VAR-202604-1751,"2026-04-05 16:00:00","Mr. P! Nuts",3,90000,CASH
DOM-VAR-202604-1751,"2026-04-05 16:00:00","Bang Nana Yoghurt",3,92000,CASH
DOM-VAR-202604-1752,"2026-04-14 11:29:00","Lemon Tea",2,39000,DEBIT
DOM-VAR-202604-1753,"2026-04-10 10:28:00","Sunset Sangria",1,24500,QRIS
DOM-VAR-202604-1753,"2026-04-10 10:28:00","Lemon Tea",1,19500,QRIS
DOM-VAR-202604-1754,"2026-04-08 21:41:00","Sub's Choice",1,27500,DEBIT
DOM-VAR-202604-1755,"2026-04-14 19:36:00","Lychee Tea",1,19500,DEBIT
DOM-VAR-202604-1755,"2026-04-14 19:36:00","Salted Caramel Macchiato",3,85000,DEBIT
DOM-VAR-202604-1756,"2026-04-06 17:55:00","Bloody Mary",2,48500,DEBIT
DOM-VAR-202604-1757,"2026-04-15 20:03:00","Mr. P! Nuts",2,60000,QRIS
DOM-VAR-202604-1757,"2026-04-15 20:03:00","Pisang Gorengnya DOM",1,20000,QRIS
DOM-VAR-202604-1758,"2026-04-16 18:14:00","Cheese Croquette Balls",3,58500,DEBIT
DOM-VAR-202604-1758,"2026-04-16 18:14:00","Kopi Latte",2,39000,DEBIT
DOM-VAR-202604-1759,"2026-04-03 12:10:00","Spaghetti Carbonara",3,81500,CASH
DOM-VAR-202604-1759,"2026-04-03 12:10:00",Lotus,3,88500,CASH
DOM-VAR-202604-1760,"2026-04-22 14:08:00","Tropical Punch",2,48500,DEBIT
DOM-VAR-202604-1761,"2026-04-09 17:30:00","Berry Berry Good!",3,88500,CASH
DOM-VAR-202604-1762,"2026-04-28 16:10:00","Taro Latte With Egg Pudding",3,74500,DEBIT
DOM-VAR-202604-1762,"2026-04-28 16:10:00","Berry Berry Good!",2,59000,DEBIT
DOM-VAR-202604-1763,"2026-04-09 19:39:00","Berry Berry Good!",1,29500,CASH
DOM-VAR-202604-1764,"2026-04-08 19:47:00","Churro Bites",1,19500,CASH
DOM-VAR-202604-1764,"2026-04-08 19:47:00","Ham Spaghetti Brulee",1,29500,CASH
DOM-VAR-202604-1765,"2026-04-26 11:42:00","Salted Caramel Macchiato",1,28500,CASH
DOM-VAR-202604-1766,"2026-04-11 09:40:00","Kampoeng Fried Rice",3,74500,QRIS
DOM-VAR-202604-1766,"2026-04-11 09:40:00","Kampoeng Fried Rice",1,25000,QRIS
DOM-VAR-202604-1767,"2026-04-27 14:03:00","Kampoeng Fried Rice",2,49500,DEBIT
DOM-VAR-202604-1767,"2026-04-27 14:03:00","Berry Berry Good!",3,88500,DEBIT
DOM-VAR-202604-1768,"2026-04-02 20:26:00","Beef Aglio Olio",3,74500,DEBIT
DOM-VAR-202604-1769,"2026-04-15 21:01:00","Spaghetti Bolognese",1,25000,QRIS
DOM-VAR-202604-1769,"2026-04-15 21:01:00","Mr. P! Nuts",1,30000,QRIS
DOM-VAR-202604-1770,"2026-04-19 11:44:00","Violet Kalamansi",1,22000,DEBIT
DOM-VAR-202604-1770,"2026-04-19 11:44:00","Churro Bites",3,58500,DEBIT
DOM-VAR-202604-1771,"2026-04-15 20:27:00",Saltovino,2,52000,CASH
DOM-VAR-202604-1771,"2026-04-15 20:27:00","Violet Kalamansi",3,65500,CASH
DOM-VAR-202604-1772,"2026-04-22 19:20:00","Mr. P! Nuts",2,60000,DEBIT
DOM-VAR-202604-1772,"2026-04-22 19:20:00","Choco Loco",2,49500,DEBIT
DOM-VAR-202604-1773,"2026-04-20 15:59:00","Violet Kalamansi",1,22000,DEBIT
DOM-VAR-202604-1774,"2026-04-22 21:16:00","Tropical Punch",1,24500,QRIS
DOM-VAR-202604-1774,"2026-04-22 21:16:00","Pisang Gorengnya DOM",3,60000,QRIS
DOM-VAR-202604-1775,"2026-04-11 10:13:00","Oriental Fried Rice",1,25000,CASH
DOM-VAR-202604-1776,"2026-04-17 17:08:00","Espresso On The Rock",3,58500,CASH
DOM-VAR-202605-1777,"2026-05-08 21:34:00","Kopi Latte",3,198000,DEBIT
DOM-VAR-202605-1778,"2026-05-25 17:11:00","Mr. P! Nuts",1,102000,QRIS
DOM-VAR-202605-1779,"2026-05-01 11:06:00","Candy Cane",2,204000,DEBIT
DOM-VAR-202605-1780,"2026-05-04 21:01:00","Spaghetti Bolognese",2,168000,CASH
DOM-VAR-202605-1781,"2026-05-18 21:54:00","DOMS Wings",1,78000,CASH
DOM-VAR-202605-1781,"2026-05-18 21:54:00","Churro Bites",1,66000,CASH
DOM-VAR-202605-1782,"2026-05-19 09:11:00","Ham Spaghetti Brulee",2,200000,DEBIT
DOM-VAR-202605-1783,"2026-05-15 13:50:00","Sub's Choice",1,92000,DEBIT
DOM-VAR-202605-1784,"2026-05-17 21:37:00","Cheese Croquette Balls",1,66000,CASH
DOM-VAR-202605-1784,"2026-05-17 21:37:00","Spaghetti Bolognese",3,252000,CASH
DOM-VAR-202605-1785,"2026-05-22 20:18:00","Churro Bites",1,66000,QRIS
DOM-VAR-202605-1785,"2026-05-22 20:18:00","DOM's Original",2,132000,QRIS
DOM-VAR-202605-1786,"2026-05-23 14:17:00","Scottish Latte",1,84000,CASH
DOM-VAR-202605-1786,"2026-05-23 14:17:00","Kopi Latte",1,66000,CASH
DOM-VAR-202605-1787,"2026-05-06 16:54:00",Muppet,1,100000,CASH
DOM-VAR-202605-1788,"2026-05-25 14:18:00","Mayo Karaage Rice",2,208000,CASH
DOM-VAR-202605-1789,"2026-05-15 20:16:00",Muppet,1,100000,CASH
DOM-VAR-202605-1790,"2026-05-18 20:31:00","Choco Loco",2,168000,DEBIT
DOM-VAR-202605-1791,"2026-05-16 09:27:00","Oriental Fried Rice",2,168000,QRIS
DOM-VAR-202605-1792,"2026-05-23 16:45:00","Hazelnut Latte",2,168000,CASH
DOM-VAR-202605-1793,"2026-05-18 18:55:00","Sub's Choice",3,276000,QRIS
DOM-VAR-202605-1793,"2026-05-18 18:55:00",Muppet,2,200000,QRIS
DOM-VAR-202605-1794,"2026-05-20 19:47:00","Taro Latte With Egg Pudding",3,252000,CASH
DOM-VAR-202605-1795,"2026-05-12 18:43:00","Taro Latte With Egg Pudding",1,84000,DEBIT
DOM-VAR-202605-1795,"2026-05-12 18:43:00","Double Shaken Espresso",3,228000,DEBIT
DOM-VAR-202605-1796,"2026-05-01 19:29:00","Salted Egg Pop Chicken",1,118000,QRIS
DOM-VAR-202605-1796,"2026-05-01 19:29:00","Matcha Green Tea",1,100000,QRIS
DOM-VAR-202605-1797,"2026-05-01 16:17:00",Chocolate,1,72000,QRIS
DOM-VAR-202605-1797,"2026-05-01 16:17:00",Saltovino,3,264000,QRIS
DOM-VAR-202605-1798,"2026-05-24 09:10:00","Espresso On The Rock",3,198000,CASH
DOM-VAR-202605-1798,"2026-05-24 09:10:00","Strawberry Tea",3,198000,CASH
DOM-VAR-202605-1799,"2026-05-18 19:42:00","Beef Aglio Olio",3,252000,CASH
DOM-VAR-202605-1800,"2026-05-01 13:56:00","Sunset Sangria",3,246000,DEBIT
DOM-VAR-202605-1800,"2026-05-01 13:56:00","Salted Caramel Macchiato",3,288000,DEBIT
DOM-VAR-202605-1801,"2026-05-22 21:56:00","Candy Cane",3,306000,CASH
DOM-VAR-202605-1802,"2026-05-22 20:29:00",Lotus,1,100000,DEBIT
DOM-VAR-202605-1802,"2026-05-22 20:29:00","Ham Spaghetti Brulee",1,100000,DEBIT
DOM-VAR-202605-1803,"2026-05-19 20:29:00","Mr. P! Nuts",3,306000,DEBIT
DOM-VAR-202605-1804,"2026-05-21 10:10:00","Salted Egg Pop Chicken",3,354000,CASH
DOM-VAR-202605-1805,"2026-05-25 17:55:00","Spaghetti Carbonara",1,92000,CASH
DOM-VAR-202605-1806,"2026-05-23 16:36:00","French Fries & Sausage",1,66000,QRIS
DOM-VAR-202605-1807,"2026-05-08 10:19:00","Caramel Latte",1,84000,QRIS
DOM-VAR-202605-1807,"2026-05-08 10:19:00","Sub's Choice",1,92000,QRIS
DOM-VAR-202605-1808,"2026-05-19 15:17:00","Sub's Choice",1,92000,QRIS
DOM-VAR-202605-1809,"2026-05-20 14:16:00","Spaghetti Bolognese",3,252000,QRIS
DOM-VAR-202605-1810,"2026-05-15 09:40:00","Candy Cane",1,102000,CASH
DOM-VAR-202605-1811,"2026-05-22 15:29:00","DOMS Wings",1,78000,CASH
DOM-VAR-202605-1811,"2026-05-22 15:29:00","DOM's Original",3,198000,CASH
DOM-VAR-202605-1812,"2026-05-18 18:21:00","Cheese Croquette Balls",3,198000,DEBIT
DOM-VAR-202605-1813,"2026-05-08 13:07:00",Lotus,2,200000,CASH
DOM-VAR-202605-1814,"2026-05-14 12:05:00","Double Shaken Espresso",2,152000,QRIS
DOM-VAR-202605-1815,"2026-05-01 11:58:00","DOM's Original",1,66000,QRIS
DOM-VAR-202605-1815,"2026-05-01 11:58:00",Muppet,1,100000,QRIS
DOM-VAR-202605-1816,"2026-05-26 09:56:00","Salted Caramel Macchiato",3,288000,QRIS
DOM-VAR-202605-1816,"2026-05-26 09:56:00","Spaghetti Carbonara",2,184000,QRIS
DOM-VAR-202605-1817,"2026-05-16 14:56:00","Bang Nana Yoghurt",3,312000,DEBIT
DOM-VAR-202605-1817,"2026-05-16 14:56:00","Bang Nana Yoghurt",1,104000,DEBIT
DOM-VAR-202605-1818,"2026-05-26 14:18:00","Scottish Latte",2,168000,DEBIT
DOM-VAR-202605-1819,"2026-05-23 14:24:00","Taro Latte With Egg Pudding",1,84000,CASH
DOM-VAR-202605-1819,"2026-05-23 14:24:00","Caramel Latte",2,168000,CASH
DOM-VAR-202605-1820,"2026-05-01 16:29:00","Al Fresco Nachos",1,78000,DEBIT
DOM-VAR-202605-1820,"2026-05-01 16:29:00","DOMS Wings",2,156000,DEBIT
DOM-VAR-202605-1821,"2026-05-19 19:39:00","Red Velvet",3,222000,DEBIT
DOM-VAR-202605-1821,"2026-05-19 19:39:00",Chocolate,2,144000,DEBIT
DOM-VAR-202605-1822,"2026-05-10 16:16:00","Sub's Choice",1,92000,DEBIT
DOM-VAR-202605-1822,"2026-05-10 16:16:00","Lemon Tea",2,132000,DEBIT
DOM-VAR-202605-1823,"2026-05-26 20:53:00","Lychee Tea",1,66000,DEBIT
DOM-VAR-202605-1824,"2026-05-02 12:55:00","Candy Cane",1,102000,CASH
DOM-VAR-202605-1825,"2026-05-12 17:28:00","Beef Aglio Olio",2,168000,QRIS
DOM-VAR-202605-1826,"2026-05-09 15:58:00","Cheese Croquette Balls",2,132000,DEBIT
DOM-VAR-202605-1826,"2026-05-09 15:58:00","Ham Spaghetti Brulee",1,100000,DEBIT
DOM-VAR-202605-1827,"2026-05-22 15:29:00","Bloody Mary",2,164000,CASH
DOM-VAR-202605-1827,"2026-05-22 15:29:00","Oriental Fried Rice",2,168000,CASH
DOM-VAR-202605-1828,"2026-05-13 18:37:00","Salted Caramel Macchiato",3,288000,CASH
DOM-VAR-202605-1829,"2026-05-19 20:39:00","Beef Aglio Olio",3,252000,CASH
DOM-VAR-202605-1830,"2026-05-20 20:19:00","Roti Bakar",2,104000,DEBIT
DOM-VAR-202605-1830,"2026-05-20 20:19:00","Mr. P! Nuts",3,306000,DEBIT
DOM-VAR-202605-1831,"2026-05-15 19:11:00","Hazelnut Latte",3,252000,CASH
DOM-VAR-202605-1831,"2026-05-15 19:11:00","Candy Cane",3,306000,CASH
DOM-VAR-202605-1832,"2026-05-15 19:44:00","Salted Caramel Macchiato",1,96000,DEBIT
DOM-VAR-202605-1832,"2026-05-15 19:44:00","Choco Loco",1,84000,DEBIT
DOM-VAR-202605-1833,"2026-05-22 12:52:00",Lotus,2,200000,QRIS
DOM-VAR-202605-1834,"2026-05-03 11:17:00","Tropical Punch",1,82000,DEBIT
DOM-VAR-202605-1835,"2026-05-26 14:55:00","Caramel Latte",2,168000,CASH
DOM-VAR-202605-1835,"2026-05-26 14:55:00","Red Velvet",2,148000,CASH
DOM-VAR-202605-1836,"2026-05-10 21:21:00","Mayo Karaage Rice",3,312000,DEBIT
DOM-VAR-202605-1836,"2026-05-10 21:21:00",Americano,3,156000,DEBIT
DOM-VAR-202605-1837,"2026-05-02 17:05:00","Violet Kalamansi",2,148000,CASH
DOM-VAR-202605-1838,"2026-05-23 18:19:00",Saltovino,3,264000,DEBIT
DOM-VAR-202605-1838,"2026-05-23 18:19:00","DOM's Original",3,198000,DEBIT
DOM-VAR-202605-1839,"2026-05-20 19:09:00","Churro Bites",3,198000,DEBIT
DOM-VAR-202605-1840,"2026-05-25 13:18:00","Bloody Mary",1,82000,CASH
DOM-VAR-202605-1841,"2026-05-06 14:49:00","Kampoeng Fried Rice",1,84000,CASH
DOM-VAR-202605-1842,"2026-05-07 10:42:00","Chick N' Matah Rice",3,276000,CASH
DOM-VAR-202605-1843,"2026-05-01 20:42:00","Sunset Sangria",2,164000,DEBIT
DOM-VAR-202605-1843,"2026-05-01 20:42:00","Cheese Croquette Balls",2,132000,DEBIT
DOM-VAR-202605-1844,"2026-05-20 16:26:00","Espresso On The Rock",3,198000,QRIS
DOM-VAR-202605-1845,"2026-05-12 15:33:00","Sunset Sangria",3,246000,QRIS
DOM-VAR-202605-1846,"2026-05-24 16:08:00","DOM's Original",2,132000,DEBIT
DOM-VAR-202605-1846,"2026-05-24 16:08:00","Lemon Tea",2,132000,DEBIT
DOM-VAR-202605-1847,"2026-05-07 14:57:00","Espresso On The Rock",2,132000,DEBIT
DOM-VAR-202605-1848,"2026-05-21 19:29:00","Kampoeng Fried Rice",2,168000,QRIS
DOM-VAR-202605-1848,"2026-05-21 19:29:00","Candy Cane",2,204000,QRIS
DOM-VAR-202605-1849,"2026-05-20 17:04:00","Salted Egg Pop Chicken",2,236000,QRIS
DOM-VAR-202605-1850,"2026-05-16 20:30:00",Chocolate,1,72000,DEBIT
DOM-VAR-202605-1850,"2026-05-16 20:30:00","Double Shaken Espresso",3,228000,DEBIT
DOM-VAR-202605-1851,"2026-05-02 20:55:00","Double Shaken Espresso",2,152000,CASH
DOM-VAR-202605-1851,"2026-05-02 20:55:00","Scottish Latte",3,252000,CASH
DOM-VAR-202605-1852,"2026-05-09 17:46:00","French Fries & Sausage",1,66000,DEBIT
DOM-VAR-202605-1852,"2026-05-09 17:46:00","DOMS Wings",3,234000,DEBIT
DOM-VAR-202605-1853,"2026-05-02 13:48:00","Bloody Mary",3,246000,CASH
DOM-VAR-202605-1853,"2026-05-02 13:48:00",Americano,1,52000,CASH
DOM-VAR-202605-1854,"2026-05-06 20:26:00","Chick N' Matah Rice",1,92000,QRIS
DOM-VAR-202605-1854,"2026-05-06 20:26:00","Mayo Karaage Rice",2,208000,QRIS
DOM-VAR-202605-1855,"2026-05-20 19:26:00","Berry Berry Good!",2,200000,DEBIT
DOM-VAR-202605-1855,"2026-05-20 19:26:00","Bang Nana Yoghurt",2,208000,DEBIT
DOM-VAR-202605-1856,"2026-05-27 15:12:00","Caramel Latte",1,84000,DEBIT
DOM-VAR-202605-1856,"2026-05-27 15:12:00","DOMS Wings",2,156000,DEBIT
DOM-VAR-202605-1857,"2026-05-12 19:06:00","Matcha Green Tea",3,300000,DEBIT
DOM-VAR-202605-1857,"2026-05-12 19:06:00","Pisang Gorengnya DOM",1,68000,DEBIT
DOM-VAR-202605-1858,"2026-05-23 13:36:00","Double Shaken Espresso",2,152000,CASH
DOM-VAR-202605-1858,"2026-05-23 13:36:00","Choco Loco",1,84000,CASH
DOM-VAR-202605-1859,"2026-05-23 20:59:00","Caramel Latte",1,84000,QRIS
DOM-VAR-202605-1859,"2026-05-23 20:59:00","Lychee Tea",3,198000,QRIS
DOM-VAR-202605-1860,"2026-05-07 16:57:00","Lemon Tea",2,132000,CASH
DOM-VAR-202605-1861,"2026-05-24 18:07:00",Lotus,1,100000,DEBIT
DOM-VAR-202605-1861,"2026-05-24 18:07:00","Pisang Gorengnya DOM",2,136000,DEBIT
DOM-VAR-202605-1862,"2026-05-19 16:48:00",Lotus,2,200000,DEBIT
DOM-VAR-202605-1863,"2026-05-17 15:19:00","Roti Bakar",3,156000,DEBIT
DOM-VAR-202605-1863,"2026-05-17 15:19:00","Violet Kalamansi",2,148000,DEBIT
DOM-VAR-202605-1864,"2026-05-23 12:02:00","Violet Kalamansi",1,74000,DEBIT
DOM-VAR-202605-1864,"2026-05-23 12:02:00","DOMS Wings",2,156000,DEBIT
DOM-VAR-202605-1865,"2026-05-07 21:48:00","Al Fresco Nachos",1,78000,CASH
DOM-VAR-202605-1866,"2026-05-12 14:25:00","Bang Nana Yoghurt",3,312000,CASH
DOM-VAR-202605-1867,"2026-05-09 09:00:00",Saltovino,1,88000,DEBIT
DOM-VAR-202605-1867,"2026-05-09 09:00:00","Strawberry Tea",3,198000,DEBIT
DOM-VAR-202605-1868,"2026-05-19 18:07:00","Chick N' Matah Rice",1,92000,DEBIT
DOM-VAR-202605-1868,"2026-05-19 18:07:00","Beef Aglio Olio",1,84000,DEBIT
DOM-VAR-202605-1869,"2026-05-22 09:02:00","Lychee Tea",2,132000,QRIS
DOM-VAR-202605-1869,"2026-05-22 09:02:00",Muppet,2,200000,QRIS
DOM-VAR-202605-1870,"2026-05-04 13:02:00","Spaghetti Bolognese",3,252000,DEBIT
DOM-VAR-202605-1871,"2026-05-19 09:52:00","DOM's Original",1,66000,CASH
DOM-VAR-202605-1871,"2026-05-19 09:52:00","Lemon Tea",2,132000,CASH
DOM-VAR-202605-1872,"2026-05-28 12:04:00",Americano,1,52000,DEBIT
DOM-VAR-202605-1872,"2026-05-28 12:04:00","Spaghetti Carbonara",2,184000,DEBIT
DOM-VAR-202605-1873,"2026-05-06 11:44:00","Scottish Latte",3,252000,DEBIT
DOM-VAR-202605-1873,"2026-05-06 11:44:00","Taro Latte With Egg Pudding",3,252000,DEBIT
DOM-VAR-202605-1874,"2026-05-04 16:08:00","DOMS Wings",3,234000,CASH
DOM-VAR-202605-1874,"2026-05-04 16:08:00","Sub's Choice",2,184000,CASH
DOM-VAR-202605-1875,"2026-05-20 11:25:00","Tropical Punch",1,82000,CASH
DOM-VAR-202605-1876,"2026-05-26 14:56:00","Chick N' Matah Rice",2,184000,QRIS
DOM-VAR-202605-1876,"2026-05-26 14:56:00","Oriental Fried Rice",3,252000,QRIS
DOM-VAR-202605-1877,"2026-05-15 10:09:00","Violet Kalamansi",2,148000,CASH
DOM-VAR-202605-1877,"2026-05-15 10:09:00","Candy Cane",3,306000,CASH
DOM-VAR-202605-1878,"2026-05-01 11:23:00","Oriental Fried Rice",3,252000,QRIS
DOM-VAR-202605-1879,"2026-05-15 15:10:00","Pisang Gorengnya DOM",2,136000,QRIS
DOM-VAR-202605-1880,"2026-05-16 19:10:00","Matcha Green Tea",3,300000,QRIS
DOM-VAR-202605-1880,"2026-05-16 19:10:00","Al Fresco Nachos",2,156000,QRIS
DOM-VAR-202605-1881,"2026-05-13 11:46:00","Chick N' Matah Rice",1,92000,QRIS
DOM-VAR-202605-1882,"2026-05-13 19:16:00","Spaghetti Bolognese",1,84000,QRIS
DOM-VAR-202605-1882,"2026-05-13 19:16:00","Mr. P! Nuts",3,306000,QRIS
DOM-VAR-202605-1883,"2026-05-01 15:13:00","Bang Nana Yoghurt",3,312000,CASH
DOM-VAR-202605-1883,"2026-05-01 15:13:00","Spaghetti Bolognese",3,252000,CASH
DOM-VAR-202605-1884,"2026-05-23 16:32:00","Kopi Latte",3,198000,DEBIT
DOM-VAR-202605-1884,"2026-05-23 16:32:00","Lychee Tea",2,132000,DEBIT
DOM-VAR-202605-1885,"2026-05-21 21:42:00",Chocolate,3,216000,CASH
DOM-VAR-202605-1886,"2026-05-26 21:05:00","Beef Aglio Olio",3,252000,QRIS
DOM-VAR-202605-1887,"2026-05-01 13:20:00","Berry Berry Good!",2,200000,DEBIT
DOM-VAR-202605-1887,"2026-05-01 13:20:00","Berry Berry Good!",2,200000,DEBIT
DOM-VAR-202605-1888,"2026-05-01 16:47:00","Espresso On The Rock",3,198000,QRIS
DOM-VAR-202605-1888,"2026-05-01 16:47:00","Sub's Choice",2,184000,QRIS
DOM-VAR-202606-1889,"2026-06-06 21:52:00","Mayo Karaage Rice",1,40000,CASH
DOM-VAR-202606-1890,"2026-06-05 10:57:00",Lotus,2,77000,DEBIT
DOM-VAR-202606-1890,"2026-06-05 10:57:00","Red Velvet",2,57000,DEBIT
DOM-VAR-202606-1891,"2026-06-21 10:05:00","Matcha Green Tea",3,115500,DEBIT
DOM-VAR-202606-1891,"2026-06-21 10:05:00","Cheese Croquette Balls",2,51000,DEBIT
DOM-VAR-202606-1892,"2026-06-06 12:37:00","Tropical Punch",3,95000,DEBIT
DOM-VAR-202606-1892,"2026-06-06 12:37:00","Roti Bakar",1,20000,DEBIT
DOM-VAR-202606-1893,"2026-06-07 16:39:00","Candy Cane",1,39500,QRIS
DOM-VAR-202606-1894,"2026-06-06 10:52:00","Caramel Latte",1,32500,CASH
DOM-VAR-202606-1894,"2026-06-06 10:52:00","Matcha Green Tea",3,115500,CASH
DOM-VAR-202606-1895,"2026-06-17 14:10:00","Spaghetti Carbonara",1,35500,CASH
DOM-VAR-202606-1895,"2026-06-17 14:10:00","Lemon Tea",2,51000,CASH
DOM-VAR-202606-1896,"2026-06-03 18:49:00","Oriental Fried Rice",2,65000,DEBIT
DOM-VAR-202606-1896,"2026-06-03 18:49:00","Candy Cane",2,78500,DEBIT
DOM-VAR-202606-1897,"2026-06-25 11:19:00","Candy Cane",3,118000,QRIS
DOM-VAR-202606-1897,"2026-06-25 11:19:00","Salted Caramel Macchiato",1,37000,QRIS
DOM-VAR-202606-1898,"2026-06-25 13:14:00","Scottish Latte",2,65000,DEBIT
DOM-VAR-202606-1899,"2026-06-03 15:01:00","Sub's Choice",1,35500,DEBIT
DOM-VAR-202606-1899,"2026-06-03 15:01:00",Muppet,2,77000,DEBIT
DOM-VAR-202606-1900,"2026-06-08 18:50:00","Cheese Croquette Balls",3,76500,DEBIT
DOM-VAR-202606-1901,"2026-06-05 20:06:00","Bang Nana Yoghurt",2,80000,DEBIT
DOM-VAR-202606-1902,"2026-06-08 10:28:00","Roti Bakar",2,40000,QRIS
DOM-VAR-202606-1902,"2026-06-08 10:28:00","Mr. P! Nuts",3,118000,QRIS
DOM-VAR-202606-1903,"2026-06-06 11:51:00","Scottish Latte",1,32500,CASH
DOM-VAR-202606-1903,"2026-06-06 11:51:00","Chick N' Matah Rice",2,71000,CASH
DOM-VAR-202606-1904,"2026-06-09 10:21:00","Sub's Choice",2,71000,CASH
DOM-VAR-202606-1904,"2026-06-09 10:21:00","Chick N' Matah Rice",1,35500,CASH
DOM-VAR-202606-1905,"2026-06-10 09:53:00","Beef Aglio Olio",3,97000,CASH
DOM-VAR-202606-1906,"2026-06-17 14:31:00","Kampoeng Fried Rice",3,97000,QRIS
DOM-VAR-202606-1907,"2026-06-16 09:26:00","Espresso On The Rock",1,25500,DEBIT
DOM-VAR-202606-1907,"2026-06-16 09:26:00","Lychee Tea",2,51000,DEBIT
DOM-VAR-202606-1908,"2026-06-14 21:25:00","Lychee Tea",1,25500,CASH
DOM-VAR-202606-1909,"2026-06-02 12:27:00","Beef Aglio Olio",1,32500,CASH
DOM-VAR-202606-1910,"2026-06-14 10:25:00","Scottish Latte",1,32500,DEBIT
DOM-VAR-202606-1911,"2026-06-16 09:07:00","Kopi Latte",3,76500,CASH
DOM-VAR-202606-1911,"2026-06-16 09:07:00","Red Velvet",1,28500,CASH
DOM-VAR-202606-1912,"2026-06-07 18:17:00","Choco Loco",1,32500,QRIS
DOM-VAR-202606-1913,"2026-06-13 16:20:00","Scottish Latte",2,65000,CASH
DOM-VAR-202606-1913,"2026-06-13 16:20:00","Roti Bakar",2,40000,CASH
DOM-VAR-202606-1914,"2026-06-02 19:47:00","Salted Caramel Macchiato",2,74000,DEBIT
DOM-VAR-202606-1915,"2026-06-28 15:27:00","Bang Nana Yoghurt",2,80000,CASH
DOM-VAR-202606-1915,"2026-06-28 15:27:00","Beef Aglio Olio",1,32500,CASH
DOM-VAR-202606-1916,"2026-06-25 20:49:00","Spaghetti Carbonara",1,35500,CASH
DOM-VAR-202606-1916,"2026-06-25 20:49:00","Bloody Mary",2,63500,CASH
DOM-VAR-202606-1917,"2026-06-18 15:18:00","Bang Nana Yoghurt",3,120000,CASH
DOM-VAR-202606-1917,"2026-06-18 15:18:00","Chick N' Matah Rice",2,71000,CASH
DOM-VAR-202606-1918,"2026-06-10 12:01:00","Kopi Latte",1,25500,QRIS
DOM-VAR-202606-1919,"2026-06-02 16:10:00","Violet Kalamansi",1,28500,QRIS
DOM-VAR-202606-1919,"2026-06-02 16:10:00","Candy Cane",2,78500,QRIS
DOM-VAR-202606-1920,"2026-06-24 18:54:00","Lemon Tea",3,76500,CASH
DOM-VAR-202606-1920,"2026-06-24 18:54:00","Choco Loco",2,65000,CASH
DOM-VAR-202606-1921,"2026-06-22 13:57:00","DOM's Original",2,51000,CASH
DOM-VAR-202606-1922,"2026-06-16 11:23:00","French Fries & Sausage",1,25500,CASH
DOM-VAR-202606-1922,"2026-06-16 11:23:00","Taro Latte With Egg Pudding",2,65000,CASH
DOM-VAR-202606-1923,"2026-06-27 09:39:00","Choco Loco",3,97000,QRIS
DOM-VAR-202606-1924,"2026-06-18 18:36:00","Hazelnut Latte",3,97000,DEBIT
DOM-VAR-202606-1925,"2026-06-21 13:18:00","Mr. P! Nuts",2,78500,QRIS
DOM-VAR-202606-1925,"2026-06-21 13:18:00","Scottish Latte",3,97000,QRIS
DOM-VAR-202606-1926,"2026-06-24 17:22:00","Caramel Latte",2,65000,DEBIT
DOM-VAR-202606-1927,"2026-06-19 20:08:00","DOMS Wings",2,60000,DEBIT
DOM-VAR-202606-1927,"2026-06-19 20:08:00","Ham Spaghetti Brulee",1,38500,DEBIT
DOM-VAR-202606-1928,"2026-06-02 14:56:00","Candy Cane",3,118000,QRIS
DOM-VAR-202606-1929,"2026-06-18 10:16:00","Spaghetti Bolognese",2,65000,QRIS
DOM-VAR-202606-1929,"2026-06-18 10:16:00","Kopi Latte",2,51000,QRIS
DOM-VAR-202606-1930,"2026-06-18 16:39:00","Pisang Gorengnya DOM",3,78500,QRIS
DOM-VAR-202606-1931,"2026-06-15 19:04:00","Bloody Mary",2,63500,CASH
DOM-VAR-202606-1931,"2026-06-15 19:04:00","Pisang Gorengnya DOM",2,52500,CASH
DOM-VAR-202606-1932,"2026-06-25 12:00:00","Scottish Latte",1,32500,QRIS
DOM-VAR-202606-1932,"2026-06-25 12:00:00","Taro Latte With Egg Pudding",1,32500,QRIS
DOM-VAR-202606-1933,"2026-06-17 17:48:00","Chick N' Matah Rice",1,35500,CASH
DOM-VAR-202606-1933,"2026-06-17 17:48:00","French Fries & Sausage",2,51000,CASH
DOM-VAR-202606-1934,"2026-06-11 15:38:00","Bang Nana Yoghurt",3,120000,CASH
DOM-VAR-202606-1935,"2026-06-17 15:04:00","Cheese Croquette Balls",1,25500,DEBIT
DOM-VAR-202606-1936,"2026-06-19 21:11:00","Al Fresco Nachos",1,30000,DEBIT
DOM-VAR-202606-1937,"2026-06-16 10:02:00","Chick N' Matah Rice",1,35500,QRIS
DOM-VAR-202606-1937,"2026-06-16 10:02:00","Caramel Latte",3,97000,QRIS
DOM-VAR-202606-1938,"2026-06-14 17:46:00","DOM's Original",2,51000,DEBIT
DOM-VAR-202606-1939,"2026-06-03 20:53:00","Taro Latte With Egg Pudding",1,32500,CASH
DOM-VAR-202606-1940,"2026-06-04 19:01:00","Ham Spaghetti Brulee",1,38500,QRIS
DOM-VAR-202606-1941,"2026-06-20 09:57:00","Caramel Latte",2,65000,DEBIT
DOM-VAR-202606-1942,"2026-06-13 12:52:00","DOMS Wings",1,30000,DEBIT
DOM-VAR-202606-1943,"2026-06-15 17:26:00","Sub's Choice",2,71000,DEBIT
DOM-VAR-202606-1944,"2026-06-21 13:07:00","Candy Cane",2,78500,DEBIT
DOM-VAR-202606-1945,"2026-06-21 18:01:00","DOM's Original",2,51000,DEBIT
DOM-VAR-202606-1945,"2026-06-21 18:01:00",Chocolate,2,55500,DEBIT
DOM-VAR-202606-1946,"2026-06-13 10:27:00","Salted Caramel Macchiato",3,111000,CASH
DOM-VAR-202606-1946,"2026-06-13 10:27:00","Double Shaken Espresso",1,29500,CASH
DOM-VAR-202606-1947,"2026-06-21 20:23:00","Bang Nana Yoghurt",3,120000,QRIS
DOM-VAR-202606-1947,"2026-06-21 20:23:00","Sub's Choice",2,71000,QRIS
DOM-VAR-202606-1948,"2026-06-28 13:05:00","Mayo Karaage Rice",1,40000,DEBIT
DOM-VAR-202606-1949,"2026-06-09 16:19:00","Lychee Tea",3,76500,CASH
DOM-VAR-202606-1949,"2026-06-09 16:19:00","Candy Cane",2,78500,CASH
DOM-VAR-202606-1950,"2026-06-27 14:27:00","Candy Cane",1,39500,CASH
DOM-VAR-202606-1951,"2026-06-25 17:37:00","Violet Kalamansi",3,85500,QRIS
DOM-VAR-202606-1952,"2026-06-22 19:44:00","Beef Aglio Olio",1,32500,QRIS
DOM-VAR-202606-1952,"2026-06-22 19:44:00","Mr. P! Nuts",1,39500,QRIS
DOM-VAR-202606-1953,"2026-06-21 16:57:00","Oriental Fried Rice",3,97000,DEBIT
DOM-VAR-202606-1954,"2026-06-05 12:35:00","Mr. P! Nuts",2,78500,CASH
DOM-VAR-202606-1955,"2026-06-09 16:13:00","Tropical Punch",1,32000,DEBIT
DOM-VAR-202606-1955,"2026-06-09 16:13:00",Chocolate,3,83500,DEBIT
DOM-VAR-202606-1956,"2026-06-10 14:52:00","Caramel Latte",1,32500,QRIS
DOM-VAR-202606-1956,"2026-06-10 14:52:00","Lemon Tea",2,51000,QRIS
DOM-VAR-202606-1957,"2026-06-09 18:16:00","Bloody Mary",1,32000,DEBIT
DOM-VAR-202606-1958,"2026-06-07 20:56:00","Scottish Latte",1,32500,DEBIT
DOM-VAR-202606-1958,"2026-06-07 20:56:00","Berry Berry Good!",1,38500,DEBIT
DOM-VAR-202606-1959,"2026-06-03 21:02:00","Churro Bites",1,25500,DEBIT
DOM-VAR-202606-1959,"2026-06-03 21:02:00","Oriental Fried Rice",1,32500,DEBIT
DOM-VAR-202606-1960,"2026-06-19 17:13:00","Spaghetti Bolognese",2,65000,DEBIT
DOM-VAR-202606-1960,"2026-06-19 17:13:00","Cheese Croquette Balls",1,25500,DEBIT
DOM-VAR-202606-1961,"2026-06-28 15:57:00","Churro Bites",1,25500,CASH
DOM-VAR-202606-1962,"2026-06-07 18:35:00","DOM's Original",1,25500,QRIS
DOM-VAR-202606-1963,"2026-06-23 12:26:00","Salted Egg Pop Chicken",1,45500,CASH
DOM-VAR-202606-1964,"2026-06-23 09:04:00","DOMS Wings",3,90000,DEBIT
DOM-VAR-202606-1965,"2026-06-24 16:36:00","Violet Kalamansi",3,85500,QRIS
DOM-VAR-202606-1966,"2026-06-02 15:32:00","Salted Caramel Macchiato",3,111000,CASH
DOM-VAR-202606-1967,"2026-06-10 16:05:00","Lychee Tea",2,51000,QRIS
DOM-VAR-202606-1967,"2026-06-10 16:05:00",Chocolate,2,55500,QRIS
DOM-VAR-202606-1968,"2026-06-04 18:27:00","Lychee Tea",3,76500,QRIS
DOM-VAR-202606-1968,"2026-06-04 18:27:00","DOM's Original",3,76500,QRIS
DOM-VAR-202606-1969,"2026-06-05 15:13:00","Chick N' Matah Rice",3,106500,CASH
DOM-VAR-202606-1969,"2026-06-05 15:13:00","Strawberry Tea",1,25500,CASH
DOM-VAR-202606-1970,"2026-06-01 11:54:00","Al Fresco Nachos",1,30000,DEBIT
DOM-VAR-202606-1971,"2026-06-23 12:14:00","Matcha Green Tea",2,77000,DEBIT
DOM-VAR-202606-1971,"2026-06-23 12:14:00","Sub's Choice",1,35500,DEBIT
DOM-VAR-202606-1972,"2026-06-08 16:09:00","Violet Kalamansi",2,57000,CASH
DOM-VAR-202606-1973,"2026-06-26 18:33:00","Al Fresco Nachos",2,60000,DEBIT
DOM-VAR-202606-1973,"2026-06-26 18:33:00","Oriental Fried Rice",1,32500,DEBIT
DOM-VAR-202606-1974,"2026-06-25 21:40:00","Churro Bites",3,76500,DEBIT
DOM-VAR-202606-1974,"2026-06-25 21:40:00","Hazelnut Latte",2,65000,DEBIT
DOM-VAR-202606-1975,"2026-06-05 16:57:00","Matcha Green Tea",3,115500,CASH
DOM-VAR-202606-1975,"2026-06-05 16:57:00","Mayo Karaage Rice",3,120000,CASH
DOM-VAR-202606-1976,"2026-06-18 20:33:00","Lychee Tea",2,51000,DEBIT
DOM-VAR-202606-1976,"2026-06-18 20:33:00",Chocolate,2,55500,DEBIT
DOM-VAR-202606-1977,"2026-06-04 09:25:00","Roti Bakar",2,40000,DEBIT
DOM-VAR-202606-1977,"2026-06-04 09:25:00","Candy Cane",2,78500,DEBIT
DOM-VAR-202606-1978,"2026-06-10 20:25:00","Hazelnut Latte",2,65000,DEBIT
DOM-VAR-202606-1979,"2026-06-27 19:38:00","Matcha Green Tea",2,77000,DEBIT
DOM-VAR-202606-1979,"2026-06-27 19:38:00","Pisang Gorengnya DOM",1,26500,DEBIT
DOM-VAR-202606-1980,"2026-06-03 11:29:00","Pisang Gorengnya DOM",2,52500,QRIS
DOM-VAR-202606-1981,"2026-06-14 18:27:00","Caramel Latte",1,32500,DEBIT
DOM-VAR-202606-1982,"2026-06-06 10:41:00","Double Shaken Espresso",1,29500,DEBIT
DOM-VAR-202606-1982,"2026-06-06 10:41:00",Muppet,1,38500,DEBIT
DOM-VAR-202606-1983,"2026-06-18 18:55:00","Caramel Latte",3,97000,DEBIT
DOM-VAR-202606-1983,"2026-06-18 18:55:00","French Fries & Sausage",2,51000,DEBIT
DOM-VAR-202606-1984,"2026-06-18 15:08:00","Ham Spaghetti Brulee",1,38500,QRIS
DOM-VAR-202606-1985,"2026-06-23 11:48:00","DOMS Wings",1,30000,QRIS
DOM-VAR-202606-1985,"2026-06-23 11:48:00","Mayo Karaage Rice",3,120000,QRIS
DOM-VAR-202606-1986,"2026-06-22 10:41:00","Churro Bites",1,25500,CASH
DOM-VAR-202606-1986,"2026-06-22 10:41:00","Espresso On The Rock",2,51000,CASH
DOM-VAR-202606-1987,"2026-06-08 17:22:00","Candy Cane",2,78500,QRIS
DOM-VAR-202606-1988,"2026-06-24 15:57:00","Cheese Croquette Balls",1,25500,QRIS
DOM-VAR-202606-1988,"2026-06-24 15:57:00","Espresso On The Rock",3,76500,QRIS
DOM-VAR-202606-1989,"2026-06-06 20:39:00","Candy Cane",2,78500,QRIS
DOM-VAR-202606-1989,"2026-06-06 20:39:00","Hazelnut Latte",3,97000,QRIS
DOM-VAR-202606-1990,"2026-06-11 13:12:00","Matcha Green Tea",2,77000,QRIS
DOM-VAR-202606-1990,"2026-06-11 13:12:00","Salted Caramel Macchiato",2,74000,QRIS
DOM-VAR-202606-1991,"2026-06-25 09:52:00","Caramel Latte",2,65000,DEBIT
DOM-VAR-202606-1992,"2026-06-09 11:23:00","Spaghetti Carbonara",2,71000,QRIS
DOM-VAR-202606-1993,"2026-06-18 10:13:00","Pisang Gorengnya DOM",3,78500,QRIS
DOM-VAR-202606-1994,"2026-06-07 18:18:00","Candy Cane",3,118000,QRIS
DOM-VAR-202606-1994,"2026-06-07 18:18:00","Strawberry Tea",3,76500,QRIS
DOM-VAR-202606-1995,"2026-06-25 20:56:00","Cheese Croquette Balls",3,76500,DEBIT
DOM-VAR-202606-1995,"2026-06-25 20:56:00","Double Shaken Espresso",2,58500,DEBIT
DOM-VAR-202606-1996,"2026-06-05 17:08:00","Al Fresco Nachos",3,90000,CASH
DOM-VAR-202606-1997,"2026-06-26 13:14:00","Roti Bakar",3,60000,CASH
DOM-VAR-202606-1997,"2026-06-26 13:14:00","Beef Aglio Olio",3,97000,CASH
DOM-VAR-202606-1998,"2026-06-16 19:17:00","French Fries & Sausage",1,25500,CASH
DOM-VAR-202606-1999,"2026-06-01 12:00:00","DOM's Original",3,76500,CASH
DOM-VAR-202606-1999,"2026-06-01 12:00:00","Sunset Sangria",3,95000,CASH
DOM-VAR-202606-2000,"2026-06-14 20:28:00","Bang Nana Yoghurt",3,120000,DEBIT
